t,x,y
0,5.22401e-08,6.371e+06
0.1,1.56748e-07,6.371e+06
0.2,3.13553e-07,6.371e+06
0.3,5.22682e-07,6.371e+06
0.4,7.84164e-07,6.371e+06
0.5,1.09803e-06,6.371e+06
0.6,1.4643e-06,6.371e+06
0.7,1.88301e-06,6.371e+06
0.8,2.35419e-06,6.371e+06
0.9,2.87786e-06,6.371e+06
1,3.45405e-06,6.371e+06
1.1,4.08279e-06,6.371e+06
1.2,4.76412e-06,6.37101e+06
1.3,5.49805e-06,6.37101e+06
1.4,6.28462e-06,6.37101e+06
1.5,7.12385e-06,6.37101e+06
1.6,8.01578e-06,6.37101e+06
1.7,8.96043e-06,6.37101e+06
1.8,9.95783e-06,6.37101e+06
1.9,1.1008e-05,6.37101e+06
2,1.2111e-05,6.37101e+06
2.1,1.32668e-05,6.37102e+06
2.2,1.44755e-05,6.37102e+06
2.3,1.57371e-05,6.37102e+06
2.4,1.70516e-05,6.37102e+06
2.5,1.84191e-05,6.37102e+06
2.6,1.98395e-05,6.37102e+06
2.7,2.1313e-05,6.37103e+06
2.8,2.28395e-05,6.37103e+06
2.9,2.4419e-05,6.37103e+06
3,2.60517e-05,6.37103e+06
3.1,2.77375e-05,6.37103e+06
3.2,2.94764e-05,6.37104e+06
3.3,3.12685e-05,6.37104e+06
3.4,3.31139e-05,6.37104e+06
3.5,3.50124e-05,6.37104e+06
3.6,3.69643e-05,6.37104e+06
3.7,3.89694e-05,6.37105e+06
3.8,4.10279e-05,6.37105e+06
3.9,4.31398e-05,6.37105e+06
4,4.5305e-05,6.37105e+06
4.1,4.75236e-05,6.37106e+06
4.2,4.97957e-05,6.37106e+06
4.3,5.21213e-05,6.37106e+06
4.4,5.45004e-05,6.37107e+06
4.5,5.6933e-05,6.37107e+06
4.6,5.94192e-05,6.37107e+06
4.7,6.19589e-05,6.37107e+06
4.8,6.45523e-05,6.37108e+06
4.9,6.71994e-05,6.37108e+06
5,6.99001e-05,6.37108e+06
5.1,7.26546e-05,6.37109e+06
5.2,7.54628e-05,6.37109e+06
5.3,7.83247e-05,6.37109e+06
5.4,8.12405e-05,6.3711e+06
5.5,8.42101e-05,6.3711e+06
5.6,8.72336e-05,6.3711e+06
5.7,9.03109e-05,6.37111e+06
5.8,9.34422e-05,6.37111e+06
5.9,9.66274e-05,6.37112e+06
6,9.98666e-05,6.37112e+06
6.1,0.00010316,6.37112e+06
6.2,0.000106507,6.37113e+06
6.3,0.000109908,6.37113e+06
6.4,0.000113364,6.37114e+06
6.5,0.000116873,6.37114e+06
6.6,0.000120437,6.37114e+06
6.7,0.000124055,6.37115e+06
6.8,0.000127727,6.37115e+06
6.9,0.000131454,6.37116e+06
7,0.000135234,6.37116e+06
7.1,0.000139069,6.37117e+06
7.2,0.000142959,6.37117e+06
7.3,0.000146902,6.37118e+06
7.4,0.000150901,6.37118e+06
7.5,0.000154953,6.37119e+06
7.6,0.00015906,6.37119e+06
7.7,0.000163222,6.3712e+06
7.8,0.000167438,6.3712e+06
7.9,0.000171708,6.37121e+06
8,0.000176033,6.37121e+06
8.1,0.000180413,6.37122e+06
8.2,0.000184848,6.37122e+06
8.3,0.000189337,6.37123e+06
8.4,0.000193881,6.37123e+06
8.5,0.000198479,6.37124e+06
8.6,0.000203133,6.37125e+06
8.7,0.000207841,6.37125e+06
8.8,0.000212604,6.37126e+06
8.9,0.000217422,6.37126e+06
9,0.000222294,6.37127e+06
9.1,0.000227222,6.37128e+06
9.2,0.000232205,6.37128e+06
9.3,0.000237242,6.37129e+06
9.4,0.000242335,6.37129e+06
9.5,0.000247483,6.3713e+06
9.6,0.000252685,6.37131e+06
9.7,0.000257943,6.37131e+06
9.8,0.000263256,6.37132e+06
9.9,0.000268625,6.37133e+06
10,0.000274048,6.37133e+06
10.1,0.000279527,6.37134e+06
10.2,0.000285061,6.37135e+06
10.3,0.00029065,6.37135e+06
10.4,0.000296294,6.37136e+06
10.5,0.000301994,6.37137e+06
10.6,0.00030775,6.37137e+06
10.7,0.00031356,6.37138e+06
10.8,0.000319427,6.37139e+06
10.9,0.000325348,6.3714e+06
11,0.000331326,6.3714e+06
11.1,0.000337358,6.37141e+06
11.2,0.000343447,6.37142e+06
11.3,0.000349591,6.37143e+06
11.4,0.00035579,6.37143e+06
11.5,0.000362046,6.37144e+06
11.6,0.000368357,6.37145e+06
11.7,0.000374723,6.37146e+06
11.8,0.000381146,6.37147e+06
11.9,0.000387624,6.37147e+06
12,0.000394159,6.37148e+06
12.1,0.000400749,6.37149e+06
12.2,0.000407395,6.3715e+06
12.3,0.000414097,6.37151e+06
12.4,0.000420854,6.37151e+06
12.5,0.000427668,6.37152e+06
12.6,0.000434538,6.37153e+06
12.7,0.000441464,6.37154e+06
12.8,0.000448446,6.37155e+06
12.9,0.000455484,6.37156e+06
13,0.000462579,6.37157e+06
13.1,0.000469729,6.37158e+06
13.2,0.000476936,6.37158e+06
13.3,0.000484199,6.37159e+06
13.4,0.000491519,6.3716e+06
13.5,0.000498894,6.37161e+06
13.6,0.000506326,6.37162e+06
13.7,0.000513815,6.37163e+06
13.8,0.00052136,6.37164e+06
13.9,0.000528961,6.37165e+06
14,0.000536619,6.37166e+06
14.1,0.000544333,6.37167e+06
14.2,0.000552104,6.37168e+06
14.3,0.000559931,6.37169e+06
14.4,0.000567815,6.3717e+06
14.5,0.000575756,6.37171e+06
14.6,0.000583754,6.37172e+06
14.7,0.000591808,6.37173e+06
14.8,0.000599919,6.37174e+06
14.9,0.000608086,6.37175e+06
15,0.000616311,6.37176e+06
15.1,0.000624592,6.37177e+06
15.2,0.00063293,6.37178e+06
15.3,0.000641325,6.37179e+06
15.4,0.000649778,6.3718e+06
15.5,0.000658287,6.37181e+06
15.6,0.000666853,6.37182e+06
15.7,0.000675476,6.37183e+06
15.8,0.000684156,6.37184e+06
15.9,0.000692893,6.37186e+06
16,0.000701688,6.37187e+06
16.1,0.00071054,6.37188e+06
16.2,0.000719449,6.37189e+06
16.3,0.000728415,6.3719e+06
16.4,0.000737438,6.37191e+06
16.5,0.000746519,6.37192e+06
16.6,0.000755657,6.37193e+06
16.7,0.000764853,6.37195e+06
16.8,0.000774105,6.37196e+06
16.9,0.000783416,6.37197e+06
17,0.000792784,6.37198e+06
17.1,0.000802209,6.37199e+06
17.2,0.000811692,6.37201e+06
17.3,0.000821233,6.37202e+06
17.4,0.000830831,6.37203e+06
17.5,0.000840487,6.37204e+06
17.6,0.0008502,6.37205e+06
17.7,0.000859971,6.37207e+06
17.8,0.0008698,6.37208e+06
17.9,0.000879687,6.37209e+06
18,0.000889632,6.37211e+06
18.1,0.000899634,6.37212e+06
18.2,0.000909695,6.37213e+06
18.3,0.000919813,6.37214e+06
18.4,0.000929989,6.37216e+06
18.5,0.000940224,6.37217e+06
18.6,0.000950516,6.37218e+06
18.7,0.000960866,6.3722e+06
18.8,0.000971275,6.37221e+06
18.9,0.000981741,6.37222e+06
19,0.000992266,6.37224e+06
19.1,0.00100285,6.37225e+06
19.2,0.00101349,6.37226e+06
19.3,0.00102419,6.37228e+06
19.4,0.00103495,6.37229e+06
19.5,0.00104576,6.3723e+06
19.6,0.00105664,6.37232e+06
19.7,0.00106757,6.37233e+06
19.8,0.00107856,6.37235e+06
19.9,0.00108961,6.37236e+06
20,0.00110072,6.37238e+06
20.1,0.00111189,6.37239e+06
20.2,0.00112311,6.3724e+06
20.3,0.0011344,6.37242e+06
20.4,0.00114574,6.37243e+06
20.5,0.00115714,6.37245e+06
20.6,0.0011686,6.37246e+06
20.7,0.00118012,6.37248e+06
20.8,0.0011917,6.37249e+06
20.9,0.00120334,6.37251e+06
21,0.00121503,6.37252e+06
21.1,0.00122679,6.37254e+06
21.2,0.0012386,6.37255e+06
21.3,0.00125047,6.37257e+06
21.4,0.00126241,6.37258e+06
21.5,0.0012744,6.3726e+06
21.6,0.00128645,6.37261e+06
21.7,0.00129855,6.37263e+06
21.8,0.00131072,6.37265e+06
21.9,0.00132295,6.37266e+06
22,0.00133524,6.37268e+06
22.1,0.00134758,6.37269e+06
22.2,0.00135999,6.37271e+06
22.3,0.00137245,6.37273e+06
22.4,0.00138497,6.37274e+06
22.5,0.00139756,6.37276e+06
22.6,0.0014102,6.37277e+06
22.7,0.0014229,6.37279e+06
22.8,0.00143566,6.37281e+06
22.9,0.00144849,6.37282e+06
23,0.00146137,6.37284e+06
23.1,0.00147431,6.37286e+06
23.2,0.00148731,6.37287e+06
23.3,0.00150037,6.37289e+06
23.4,0.00151349,6.37291e+06
23.5,0.00152667,6.37293e+06
23.6,0.0015399,6.37294e+06
23.7,0.0015532,6.37296e+06
23.8,0.00156656,6.37298e+06
23.9,0.00157998,6.373e+06
24,0.00159346,6.37301e+06
24.1,0.001607,6.37303e+06
24.2,0.0016206,6.37305e+06
24.3,0.00163426,6.37307e+06
24.4,0.00164798,6.37308e+06
24.5,0.00166175,6.3731e+06
24.6,0.00167559,6.37312e+06
24.7,0.00168949,6.37314e+06
24.8,0.00170345,6.37316e+06
24.9,0.00171747,6.37318e+06
25,0.00173155,6.37319e+06
25.1,0.00174569,6.37321e+06
25.2,0.0017599,6.37323e+06
25.3,0.00177416,6.37325e+06
25.4,0.00178848,6.37327e+06
25.5,0.00180286,6.37329e+06
25.6,0.00181731,6.37331e+06
25.7,0.00183181,6.37333e+06
25.8,0.00184637,6.37334e+06
25.9,0.001861,6.37336e+06
26,0.00187568,6.37338e+06
26.1,0.00189043,6.3734e+06
26.2,0.00190524,6.37342e+06
26.3,0.00192011,6.37344e+06
26.4,0.00193504,6.37346e+06
26.5,0.00195003,6.37348e+06
26.6,0.00196508,6.3735e+06
26.7,0.00198019,6.37352e+06
26.8,0.00199536,6.37354e+06
26.9,0.0020106,6.37356e+06
27,0.00202589,6.37358e+06
27.1,0.00204125,6.3736e+06
27.2,0.00205666,6.37362e+06
27.3,0.00207214,6.37364e+06
27.4,0.00208768,6.37366e+06
27.5,0.00210328,6.37368e+06
27.6,0.00211895,6.3737e+06
27.7,0.00213467,6.37373e+06
27.8,0.00215045,6.37375e+06
27.9,0.0021663,6.37377e+06
28,0.00218221,6.37379e+06
28.1,0.00219818,6.37381e+06
28.2,0.00221421,6.37383e+06
28.3,0.0022303,6.37385e+06
28.4,0.00224646,6.37387e+06
28.5,0.00226267,6.3739e+06
28.6,0.00227895,6.37392e+06
28.7,0.00229529,6.37394e+06
28.8,0.00231169,6.37396e+06
28.9,0.00232815,6.37398e+06
29,0.00234468,6.374e+06
29.1,0.00236127,6.37403e+06
29.2,0.00237791,6.37405e+06
29.3,0.00239463,6.37407e+06
29.4,0.0024114,6.37409e+06
29.5,0.00242823,6.37412e+06
29.6,0.00244513,6.37414e+06
29.7,0.00246209,6.37416e+06
29.8,0.00247911,6.37418e+06
29.9,0.00249619,6.37421e+06
30,0.00251334,6.37423e+06
30.1,0.00253055,6.37425e+06
30.2,0.00254782,6.37428e+06
30.3,0.00256515,6.3743e+06
30.4,0.00258255,6.37432e+06
30.5,0.0026,6.37435e+06
30.6,0.00261752,6.37437e+06
30.7,0.00263511,6.37439e+06
30.8,0.00265275,6.37442e+06
30.9,0.00267046,6.37444e+06
31,0.00268823,6.37446e+06
31.1,0.00270606,6.37449e+06
31.2,0.00272396,6.37451e+06
31.3,0.00274192,6.37454e+06
31.4,0.00275994,6.37456e+06
31.5,0.00277802,6.37458e+06
31.6,0.00279617,6.37461e+06
31.7,0.00281438,6.37463e+06
31.8,0.00283266,6.37466e+06
31.9,0.00285099,6.37468e+06
32,0.00286939,6.37471e+06
32.1,0.00288785,6.37473e+06
32.2,0.00290638,6.37476e+06
32.3,0.00292497,6.37478e+06
32.4,0.00294362,6.37481e+06
32.5,0.00296234,6.37483e+06
32.6,0.00298111,6.37486e+06
32.7,0.00299996,6.37488e+06
32.8,0.00301886,6.37491e+06
32.9,0.00303783,6.37494e+06
33,0.00305686,6.37496e+06
33.1,0.00307596,6.37499e+06
33.2,0.00309512,6.37501e+06
33.3,0.00311434,6.37504e+06
33.4,0.00313363,6.37506e+06
33.5,0.00315298,6.37509e+06
33.6,0.00317239,6.37512e+06
33.7,0.00319187,6.37514e+06
33.8,0.00321141,6.37517e+06
33.9,0.00323102,6.3752e+06
34,0.00325069,6.37522e+06
34.1,0.00327042,6.37525e+06
34.2,0.00329022,6.37528e+06
34.3,0.00331008,6.3753e+06
34.4,0.00333,6.37533e+06
34.5,0.00334999,6.37536e+06
34.6,0.00337005,6.37539e+06
34.7,0.00339016,6.37541e+06
34.8,0.00341035,6.37544e+06
34.9,0.00343059,6.37547e+06
35,0.0034509,6.3755e+06
35.1,0.00347128,6.37552e+06
35.2,0.00349172,6.37555e+06
35.3,0.00351222,6.37558e+06
35.4,0.00353279,6.37561e+06
35.5,0.00355342,6.37564e+06
35.6,0.00357412,6.37567e+06
35.7,0.00359488,6.37569e+06
35.8,0.00361571,6.37572e+06
35.9,0.0036366,6.37575e+06
36,0.00365755,6.37578e+06
36.1,0.00367857,6.37581e+06
36.2,0.00369966,6.37584e+06
36.3,0.00372081,6.37587e+06
36.4,0.00374203,6.3759e+06
36.5,0.00376331,6.37592e+06
36.6,0.00378465,6.37595e+06
36.7,0.00380606,6.37598e+06
36.8,0.00382754,6.37601e+06
36.9,0.00384908,6.37604e+06
37,0.00387068,6.37607e+06
37.1,0.00389235,6.3761e+06
37.2,0.00391409,6.37613e+06
37.3,0.00393589,6.37616e+06
37.4,0.00395776,6.37619e+06
37.5,0.00397969,6.37622e+06
37.6,0.00400169,6.37625e+06
37.7,0.00402375,6.37628e+06
37.8,0.00404588,6.37631e+06
37.9,0.00406807,6.37634e+06
38,0.00409033,6.37637e+06
38.1,0.00411266,6.37641e+06
38.2,0.00413505,6.37644e+06
38.3,0.00415751,6.37647e+06
38.4,0.00418003,6.3765e+06
38.5,0.00420262,6.37653e+06
38.6,0.00422527,6.37656e+06
38.7,0.00424799,6.37659e+06
38.8,0.00427078,6.37662e+06
38.9,0.00429363,6.37666e+06
39,0.00431655,6.37669e+06
39.1,0.00433953,6.37672e+06
39.2,0.00436259,6.37675e+06
39.3,0.0043857,6.37678e+06
39.4,0.00440888,6.37682e+06
39.5,0.00443213,6.37685e+06
39.6,0.00445545,6.37688e+06
39.7,0.00447883,6.37691e+06
39.8,0.00450228,6.37695e+06
39.9,0.00452579,6.37698e+06
40,0.00454938,6.37701e+06
40.1,0.00457302,6.37704e+06
40.2,0.00459674,6.37708e+06
40.3,0.00462052,6.37711e+06
40.4,0.00464437,6.37714e+06
40.5,0.00466828,6.37718e+06
40.6,0.00469226,6.37721e+06
40.7,0.00471631,6.37724e+06
40.8,0.00474043,6.37728e+06
40.9,0.00476461,6.37731e+06
41,0.00478886,6.37735e+06
41.1,0.00481317,6.37738e+06
41.2,0.00483756,6.37741e+06
41.3,0.00486201,6.37745e+06
41.4,0.00488652,6.37748e+06
41.5,0.00491111,6.37752e+06
41.6,0.00493576,6.37755e+06
41.7,0.00496048,6.37759e+06
41.8,0.00498526,6.37762e+06
41.9,0.00501012,6.37766e+06
42,0.00503504,6.37769e+06
42.1,0.00506003,6.37773e+06
42.2,0.00508508,6.37776e+06
42.3,0.00511021,6.3778e+06
42.4,0.0051354,6.37783e+06
42.5,0.00516066,6.37787e+06
42.6,0.00518598,6.3779e+06
42.7,0.00521138,6.37794e+06
42.8,0.00523684,6.37797e+06
42.9,0.00526237,6.37801e+06
43,0.00528797,6.37805e+06
43.1,0.00531363,6.37808e+06
43.2,0.00533936,6.37812e+06
43.3,0.00536517,6.37816e+06
43.4,0.00539104,6.37819e+06
43.5,0.00541697,6.37823e+06
43.6,0.00544298,6.37827e+06
43.7,0.00546905,6.3783e+06
43.8,0.0054952,6.37834e+06
43.9,0.00552141,6.37838e+06
44,0.00554769,6.37841e+06
44.1,0.00557403,6.37845e+06
44.2,0.00560045,6.37849e+06
44.3,0.00562694,6.37853e+06
44.4,0.00565349,6.37856e+06
44.5,0.00568011,6.3786e+06
44.6,0.0057068,6.37864e+06
44.7,0.00573356,6.37868e+06
44.8,0.00576039,6.37871e+06
44.9,0.00578728,6.37875e+06
45,0.00581425,6.37879e+06
45.1,0.00584128,6.37883e+06
45.2,0.00586839,6.37887e+06
45.3,0.00589556,6.37891e+06
45.4,0.0059228,6.37895e+06
45.5,0.00595011,6.37898e+06
45.6,0.00597749,6.37902e+06
45.7,0.00600494,6.37906e+06
45.8,0.00603246,6.3791e+06
45.9,0.00606004,6.37914e+06
46,0.0060877,6.37918e+06
46.1,0.00611543,6.37922e+06
46.2,0.00614322,6.37926e+06
46.3,0.00617109,6.3793e+06
46.4,0.00619902,6.37934e+06
46.5,0.00622703,6.37938e+06
46.6,0.0062551,6.37942e+06
46.7,0.00628324,6.37946e+06
46.8,0.00631146,6.3795e+06
46.9,0.00633974,6.37954e+06
47,0.00636809,6.37958e+06
47.1,0.00639651,6.37962e+06
47.2,0.00642501,6.37966e+06
47.3,0.00645357,6.3797e+06
47.4,0.0064822,6.37974e+06
47.5,0.0065109,6.37979e+06
47.6,0.00653968,6.37983e+06
47.7,0.00656852,6.37987e+06
47.8,0.00659743,6.37991e+06
47.9,0.00662642,6.37995e+06
48,0.00665547,6.37999e+06
48.1,0.00668459,6.38004e+06
48.2,0.00671379,6.38008e+06
48.3,0.00674305,6.38012e+06
48.4,0.00677239,6.38016e+06
48.5,0.0068018,6.3802e+06
48.6,0.00683127,6.38025e+06
48.7,0.00686082,6.38029e+06
48.8,0.00689044,6.38033e+06
48.9,0.00692013,6.38037e+06
49,0.00694989,6.38042e+06
49.1,0.00697972,6.38046e+06
49.2,0.00700962,6.3805e+06
49.3,0.00703959,6.38055e+06
49.4,0.00706964,6.38059e+06
49.5,0.00709975,6.38063e+06
49.6,0.00712994,6.38068e+06
49.7,0.00716019,6.38072e+06
49.8,0.00719052,6.38077e+06
49.9,0.00722092,6.38081e+06
50,0.00725139,6.38085e+06
50.1,0.00728194,6.3809e+06
50.2,0.00731255,6.38094e+06
50.3,0.00734324,6.38099e+06
50.4,0.00737399,6.38103e+06
50.5,0.00740482,6.38108e+06
50.6,0.00743572,6.38112e+06
50.7,0.0074667,6.38117e+06
50.8,0.00749774,6.38121e+06
50.9,0.00752885,6.38126e+06
51,0.00756004,6.3813e+06
51.1,0.0075913,6.38135e+06
51.2,0.00762263,6.38139e+06
51.3,0.00765404,6.38144e+06
51.4,0.00768551,6.38148e+06
51.5,0.00771706,6.38153e+06
51.6,0.00774868,6.38158e+06
51.7,0.00778037,6.38162e+06
51.8,0.00781214,6.38167e+06
51.9,0.00784398,6.38172e+06
52,0.00787588,6.38176e+06
52.1,0.00790787,6.38181e+06
52.2,0.00793992,6.38186e+06
52.3,0.00797205,6.3819e+06
52.4,0.00800425,6.38195e+06
52.5,0.00803652,6.382e+06
52.6,0.00806887,6.38204e+06
52.7,0.00810128,6.38209e+06
52.8,0.00813377,6.38214e+06
52.9,0.00816634,6.38219e+06
53,0.00819897,6.38224e+06
53.1,0.00823168,6.38228e+06
53.2,0.00826447,6.38233e+06
53.3,0.00829732,6.38238e+06
53.4,0.00833025,6.38243e+06
53.5,0.00836325,6.38248e+06
53.6,0.00839633,6.38253e+06
53.7,0.00842948,6.38257e+06
53.8,0.0084627,6.38262e+06
53.9,0.008496,6.38267e+06
54,0.00852937,6.38272e+06
54.1,0.00856281,6.38277e+06
54.2,0.00859633,6.38282e+06
54.3,0.00862992,6.38287e+06
54.4,0.00866358,6.38292e+06
54.5,0.00869732,6.38297e+06
54.6,0.00873113,6.38302e+06
54.7,0.00876501,6.38307e+06
54.8,0.00879897,6.38312e+06
54.9,0.00883301,6.38317e+06
55,0.00886711,6.38322e+06
55.1,0.0089013,6.38327e+06
55.2,0.00893555,6.38332e+06
55.3,0.00896988,6.38337e+06
55.4,0.00900429,6.38342e+06
55.5,0.00903876,6.38347e+06
55.6,0.00907332,6.38352e+06
55.7,0.00910794,6.38358e+06
55.8,0.00914265,6.38363e+06
55.9,0.00917742,6.38368e+06
56,0.00921227,6.38373e+06
56.1,0.0092472,6.38378e+06
56.2,0.0092822,6.38383e+06
56.3,0.00931728,6.38389e+06
56.4,0.00935243,6.38394e+06
56.5,0.00938765,6.38399e+06
56.6,0.00942295,6.38404e+06
56.7,0.00945833,6.3841e+06
56.8,0.00949378,6.38415e+06
56.9,0.0095293,6.3842e+06
57,0.0095649,6.38425e+06
57.1,0.00960058,6.38431e+06
57.2,0.00963633,6.38436e+06
57.3,0.00967216,6.38441e+06
57.4,0.00970806,6.38447e+06
57.5,0.00974404,6.38452e+06
57.6,0.00978009,6.38458e+06
57.7,0.00981622,6.38463e+06
57.8,0.00985243,6.38468e+06
57.9,0.00988871,6.38474e+06
58,0.00992506,6.38479e+06
58.1,0.00996149,6.38485e+06
58.2,0.009998,6.3849e+06
58.3,0.0100346,6.38496e+06
58.4,0.0100712,6.38501e+06
58.5,0.010108,6.38507e+06
58.6,0.0101448,6.38512e+06
58.7,0.0101817,6.38518e+06
58.8,0.0102186,6.38523e+06
58.9,0.0102557,6.38529e+06
59,0.0102928,6.38534e+06
59.1,0.01033,6.3854e+06
59.2,0.0103673,6.38546e+06
59.3,0.0104046,6.38551e+06
59.4,0.010442,6.38557e+06
59.5,0.0104795,6.38562e+06
59.6,0.0105171,6.38568e+06
59.7,0.0105548,6.38574e+06
59.8,0.0105925,6.38579e+06
59.9,0.0106303,6.38585e+06
60,0.0106682,6.38591e+06
60.1,0.0107062,6.38597e+06
60.2,0.0107442,6.38602e+06
60.3,0.0107823,6.38608e+06
60.4,0.0108205,6.38614e+06
60.5,0.0108588,6.3862e+06
60.6,0.0108971,6.38625e+06
60.7,0.0109355,6.38631e+06
60.8,0.010974,6.38637e+06
60.9,0.0110126,6.38643e+06
61,0.0110513,6.38649e+06
61.1,0.01109,6.38655e+06
61.2,0.0111288,6.3866e+06
61.3,0.0111677,6.38666e+06
61.4,0.0112067,6.38672e+06
61.5,0.0112457,6.38678e+06
61.6,0.0112849,6.38684e+06
61.7,0.0113241,6.3869e+06
61.8,0.0113633,6.38696e+06
61.9,0.0114027,6.38702e+06
62,0.0114421,6.38708e+06
62.1,0.0114817,6.38714e+06
62.2,0.0115213,6.3872e+06
62.3,0.0115609,6.38726e+06
62.4,0.0116007,6.38732e+06
62.5,0.0116405,6.38738e+06
62.6,0.0116804,6.38744e+06
62.7,0.0117204,6.3875e+06
62.8,0.0117605,6.38756e+06
62.9,0.0118006,6.38762e+06
63,0.0118408,6.38769e+06
63.1,0.0118811,6.38775e+06
63.2,0.0119215,6.38781e+06
63.3,0.011962,6.38787e+06
63.4,0.0120025,6.38793e+06
63.5,0.0120431,6.38799e+06
63.6,0.0120838,6.38806e+06
63.7,0.0121246,6.38812e+06
63.8,0.0121655,6.38818e+06
63.9,0.0122064,6.38824e+06
64,0.0122474,6.38831e+06
64.1,0.0122885,6.38837e+06
64.2,0.0123297,6.38843e+06
64.3,0.0123709,6.3885e+06
64.4,0.0124123,6.38856e+06
64.5,0.0124537,6.38862e+06
64.6,0.0124952,6.38869e+06
64.7,0.0125367,6.38875e+06
64.8,0.0125784,6.38881e+06
64.9,0.0126201,6.38888e+06
65,0.0126619,6.38894e+06
65.1,0.0127038,6.38901e+06
65.2,0.0127458,6.38907e+06
65.3,0.0127879,6.38914e+06
65.4,0.01283,6.3892e+06
65.5,0.0128722,6.38927e+06
65.6,0.0129145,6.38933e+06
65.7,0.0129569,6.3894e+06
65.8,0.0129994,6.38946e+06
65.9,0.0130419,6.38953e+06
66,0.0130845,6.38959e+06
66.1,0.0131272,6.38966e+06
66.2,0.01317,6.38973e+06
66.3,0.0132128,6.38979e+06
66.4,0.0132558,6.38986e+06
66.5,0.0132988,6.38993e+06
66.6,0.0133419,6.38999e+06
66.7,0.0133851,6.39006e+06
66.8,0.0134284,6.39013e+06
66.9,0.0134717,6.39019e+06
67,0.0135152,6.39026e+06
67.1,0.0135587,6.39033e+06
67.2,0.0136023,6.39039e+06
67.3,0.0136459,6.39046e+06
67.4,0.0136897,6.39053e+06
67.5,0.0137335,6.3906e+06
67.6,0.0137775,6.39067e+06
67.7,0.0138215,6.39074e+06
67.8,0.0138655,6.3908e+06
67.9,0.0139097,6.39087e+06
68,0.013954,6.39094e+06
68.1,0.0139983,6.39101e+06
68.2,0.0140427,6.39108e+06
68.3,0.0140872,6.39115e+06
68.4,0.0141318,6.39122e+06
68.5,0.0141764,6.39129e+06
68.6,0.0142212,6.39136e+06
68.7,0.014266,6.39143e+06
68.8,0.0143109,6.3915e+06
68.9,0.0143559,6.39157e+06
69,0.014401,6.39164e+06
69.1,0.0144461,6.39171e+06
69.2,0.0144914,6.39178e+06
69.3,0.0145367,6.39185e+06
69.4,0.0145821,6.39192e+06
69.5,0.0146276,6.39199e+06
69.6,0.0146732,6.39206e+06
69.7,0.0147188,6.39213e+06
69.8,0.0147646,6.39221e+06
69.9,0.0148104,6.39228e+06
70,0.0148563,6.39235e+06
70.1,0.0149023,6.39242e+06
70.2,0.0149484,6.39249e+06
70.3,0.0149945,6.39257e+06
70.4,0.0150408,6.39264e+06
70.5,0.0150871,6.39271e+06
70.6,0.0151335,6.39278e+06
70.7,0.01518,6.39286e+06
70.8,0.0152266,6.39293e+06
70.9,0.0152733,6.393e+06
71,0.01532,6.39308e+06
71.1,0.0153668,6.39315e+06
71.2,0.0154137,6.39323e+06
71.3,0.0154608,6.3933e+06
71.4,0.0155078,6.39337e+06
71.5,0.015555,6.39345e+06
71.6,0.0156023,6.39352e+06
71.7,0.0156496,6.3936e+06
71.8,0.015697,6.39367e+06
71.9,0.0157445,6.39375e+06
72,0.0157921,6.39382e+06
72.1,0.0158398,6.3939e+06
72.2,0.0158876,6.39397e+06
72.3,0.0159354,6.39405e+06
72.4,0.0159834,6.39412e+06
72.5,0.0160314,6.3942e+06
72.6,0.0160795,6.39428e+06
72.7,0.0161277,6.39435e+06
72.8,0.016176,6.39443e+06
72.9,0.0162243,6.39451e+06
73,0.0162728,6.39458e+06
73.1,0.0163213,6.39466e+06
73.2,0.0163699,6.39474e+06
73.3,0.0164186,6.39481e+06
73.4,0.0164674,6.39489e+06
73.5,0.0165163,6.39497e+06
73.6,0.0165653,6.39505e+06
73.7,0.0166143,6.39513e+06
73.8,0.0166635,6.3952e+06
73.9,0.0167127,6.39528e+06
74,0.016762,6.39536e+06
74.1,0.0168114,6.39544e+06
74.2,0.0168609,6.39552e+06
74.3,0.0169105,6.3956e+06
74.4,0.0169601,6.39568e+06
74.5,0.0170099,6.39576e+06
74.6,0.0170597,6.39583e+06
74.7,0.0171096,6.39591e+06
74.8,0.0171596,6.39599e+06
74.9,0.0172097,6.39607e+06
75,0.0172599,6.39615e+06
75.1,0.0173102,6.39624e+06
75.2,0.0173605,6.39632e+06
75.3,0.017411,6.3964e+06
75.4,0.0174615,6.39648e+06
75.5,0.0175121,6.39656e+06
75.6,0.0175628,6.39664e+06
75.7,0.0176136,6.39672e+06
75.8,0.0176645,6.3968e+06
75.9,0.0177155,6.39688e+06
76,0.0177665,6.39697e+06
76.1,0.0178177,6.39705e+06
76.2,0.0178689,6.39713e+06
76.3,0.0179202,6.39721e+06
76.4,0.0179716,6.3973e+06
76.5,0.0180231,6.39738e+06
76.6,0.0180747,6.39746e+06
76.7,0.0181264,6.39754e+06
76.8,0.0181782,6.39763e+06
76.9,0.01823,6.39771e+06
77,0.018282,6.39779e+06
77.1,0.018334,6.39788e+06
77.2,0.0183861,6.39796e+06
77.3,0.0184383,6.39805e+06
77.4,0.0184906,6.39813e+06
77.5,0.018543,6.39822e+06
77.6,0.0185955,6.3983e+06
77.7,0.0186481,6.39838e+06
77.8,0.0187007,6.39847e+06
77.9,0.0187535,6.39856e+06
78,0.0188063,6.39864e+06
78.1,0.0188593,6.39873e+06
78.2,0.0189123,6.39881e+06
78.3,0.0189654,6.3989e+06
78.4,0.0190186,6.39898e+06
78.5,0.0190719,6.39907e+06
78.6,0.0191253,6.39916e+06
78.7,0.0191787,6.39924e+06
78.8,0.0192323,6.39933e+06
78.9,0.0192859,6.39942e+06
79,0.0193397,6.3995e+06
79.1,0.0193935,6.39959e+06
79.2,0.0194474,6.39968e+06
79.3,0.0195014,6.39977e+06
79.4,0.0195555,6.39986e+06
79.5,0.0196097,6.39994e+06
79.6,0.019664,6.40003e+06
79.7,0.0197184,6.40012e+06
79.8,0.0197729,6.40021e+06
79.9,0.0198274,6.4003e+06
80,0.0198821,6.40039e+06
80.1,0.0199368,6.40048e+06
80.2,0.0199917,6.40057e+06
80.3,0.0200466,6.40065e+06
80.4,0.0201016,6.40074e+06
80.5,0.0201567,6.40083e+06
80.6,0.0202119,6.40092e+06
80.7,0.0202672,6.40102e+06
80.8,0.0203226,6.40111e+06
80.9,0.0203781,6.4012e+06
81,0.0204336,6.40129e+06
81.1,0.0204893,6.40138e+06
81.2,0.0205451,6.40147e+06
81.3,0.0206009,6.40156e+06
81.4,0.0206568,6.40165e+06
81.5,0.0207129,6.40174e+06
81.6,0.020769,6.40184e+06
81.7,0.0208252,6.40193e+06
81.8,0.0208815,6.40202e+06
81.9,0.0209379,6.40211e+06
82,0.0209944,6.40221e+06
82.1,0.021051,6.4023e+06
82.2,0.0211077,6.40239e+06
82.3,0.0211645,6.40249e+06
82.4,0.0212214,6.40258e+06
82.5,0.0212783,6.40267e+06
82.6,0.0213354,6.40277e+06
82.7,0.0213925,6.40286e+06
82.8,0.0214498,6.40296e+06
82.9,0.0215071,6.40305e+06
83,0.0215646,6.40314e+06
83.1,0.0216221,6.40324e+06
83.2,0.0216797,6.40333e+06
83.3,0.0217374,6.40343e+06
83.4,0.0217952,6.40352e+06
83.5,0.0218531,6.40362e+06
83.6,0.0219111,6.40372e+06
83.7,0.0219692,6.40381e+06
83.8,0.0220274,6.40391e+06
83.9,0.0220857,6.40401e+06
84,0.0221441,6.4041e+06
84.1,0.0222026,6.4042e+06
84.2,0.0222611,6.4043e+06
84.3,0.0223198,6.40439e+06
84.4,0.0223786,6.40449e+06
84.5,0.0224374,6.40459e+06
84.6,0.0224964,6.40469e+06
84.7,0.0225554,6.40478e+06
84.8,0.0226146,6.40488e+06
84.9,0.0226738,6.40498e+06
85,0.0227332,6.40508e+06
85.1,0.0227926,6.40518e+06
85.2,0.0228521,6.40528e+06
85.3,0.0229117,6.40538e+06
85.4,0.0229715,6.40547e+06
85.5,0.0230313,6.40557e+06
85.6,0.0230912,6.40567e+06
85.7,0.0231512,6.40577e+06
85.8,0.0232113,6.40587e+06
85.9,0.0232715,6.40597e+06
86,0.0233318,6.40607e+06
86.1,0.0233922,6.40618e+06
86.2,0.0234527,6.40628e+06
86.3,0.0235133,6.40638e+06
86.4,0.023574,6.40648e+06
86.5,0.0236348,6.40658e+06
86.6,0.0236957,6.40668e+06
86.7,0.0237566,6.40678e+06
86.8,0.0238177,6.40689e+06
86.9,0.0238789,6.40699e+06
87,0.0239402,6.40709e+06
87.1,0.0240015,6.40719e+06
87.2,0.024063,6.4073e+06
87.3,0.0241246,6.4074e+06
87.4,0.0241862,6.4075e+06
87.5,0.024248,6.40761e+06
87.6,0.0243099,6.40771e+06
87.7,0.0243718,6.40782e+06
87.8,0.0244339,6.40792e+06
87.9,0.0244961,6.40802e+06
88,0.0245583,6.40813e+06
88.1,0.0246207,6.40823e+06
88.2,0.0246831,6.40834e+06
88.3,0.0247457,6.40844e+06
88.4,0.0248083,6.40855e+06
88.5,0.0248711,6.40865e+06
88.6,0.024934,6.40876e+06
88.7,0.0249969,6.40887e+06
88.8,0.02506,6.40897e+06
88.9,0.0251231,6.40908e+06
89,0.0251864,6.40919e+06
89.1,0.0252497,6.40929e+06
89.2,0.0253132,6.4094e+06
89.3,0.0253767,6.40951e+06
89.4,0.0254404,6.40961e+06
89.5,0.0255041,6.40972e+06
89.6,0.025568,6.40983e+06
89.7,0.025632,6.40994e+06
89.8,0.025696,6.41005e+06
89.9,0.0257602,6.41016e+06
90,0.0258244,6.41026e+06
90.1,0.0258888,6.41037e+06
90.2,0.0259532,6.41048e+06
90.3,0.0260178,6.41059e+06
90.4,0.0260825,6.4107e+06
90.5,0.0261472,6.41081e+06
90.6,0.0262121,6.41092e+06
90.7,0.0262771,6.41103e+06
90.8,0.0263421,6.41114e+06
90.9,0.0264073,6.41125e+06
91,0.0264726,6.41136e+06
91.1,0.0265379,6.41148e+06
91.2,0.0266034,6.41159e+06
91.3,0.026669,6.4117e+06
91.4,0.0267347,6.41181e+06
91.5,0.0268005,6.41192e+06
91.6,0.0268664,6.41204e+06
91.7,0.0269323,6.41215e+06
91.8,0.0269984,6.41226e+06
91.9,0.0270646,6.41237e+06
92,0.0271309,6.41249e+06
92.1,0.0271973,6.4126e+06
92.2,0.0272638,6.41271e+06
92.3,0.0273304,6.41283e+06
92.4,0.0273972,6.41294e+06
92.5,0.027464,6.41306e+06
92.6,0.0275309,6.41317e+06
92.7,0.0275979,6.41328e+06
92.8,0.027665,6.4134e+06
92.9,0.0277323,6.41351e+06
93,0.0277996,6.41363e+06
93.1,0.0278671,6.41375e+06
93.2,0.0279346,6.41386e+06
93.3,0.0280022,6.41398e+06
93.4,0.02807,6.41409e+06
93.5,0.0281379,6.41421e+06
93.6,0.0282058,6.41433e+06
93.7,0.0282739,6.41444e+06
93.8,0.0283421,6.41456e+06
93.9,0.0284103,6.41468e+06
94,0.0284787,6.4148e+06
94.1,0.0285472,6.41491e+06
94.2,0.0286158,6.41503e+06
94.3,0.0286845,6.41515e+06
94.4,0.0287533,6.41527e+06
94.5,0.0288222,6.41539e+06
94.6,0.0288912,6.41551e+06
94.7,0.0289604,6.41563e+06
94.8,0.0290296,6.41575e+06
94.9,0.0290989,6.41586e+06
95,0.0291684,6.41598e+06
95.1,0.0292379,6.4161e+06
95.2,0.0293076,6.41623e+06
95.3,0.0293773,6.41635e+06
95.4,0.0294472,6.41647e+06
95.5,0.0295172,6.41659e+06
95.6,0.0295873,6.41671e+06
95.7,0.0296575,6.41683e+06
95.8,0.0297278,6.41695e+06
95.9,0.0297982,6.41707e+06
96,0.0298687,6.4172e+06
96.1,0.0299393,6.41732e+06
96.2,0.03001,6.41744e+06
96.3,0.0300809,6.41756e+06
96.4,0.0301518,6.41769e+06
96.5,0.0302229,6.41781e+06
96.6,0.030294,6.41793e+06
96.7,0.0303653,6.41806e+06
96.8,0.0304367,6.41818e+06
96.9,0.0305082,6.41831e+06
97,0.0305798,6.41843e+06
97.1,0.0306515,6.41856e+06
97.2,0.0307233,6.41868e+06
97.3,0.0307952,6.41881e+06
97.4,0.0308672,6.41893e+06
97.5,0.0309394,6.41906e+06
97.6,0.0310116,6.41918e+06
97.7,0.031084,6.41931e+06
97.8,0.0311565,6.41944e+06
97.9,0.031229,6.41956e+06
98,0.0313017,6.41969e+06
98.1,0.0313745,6.41982e+06
98.2,0.0314474,6.41995e+06
98.3,0.0315205,6.42007e+06
98.4,0.0315936,6.4202e+06
98.5,0.0316668,6.42033e+06
98.6,0.0317402,6.42046e+06
98.7,0.0318137,6.42059e+06
98.8,0.0318872,6.42072e+06
98.9,0.0319609,6.42084e+06
99,0.0320347,6.42097e+06
99.1,0.0321086,6.4211e+06
99.2,0.0321827,6.42123e+06
99.3,0.0322568,6.42136e+06
99.4,0.032331,6.42149e+06
99.5,0.0324054,6.42162e+06
99.6,0.0324799,6.42176e+06
99.7,0.0325544,6.42189e+06
99.8,0.0326291,6.42202e+06
99.9,0.0327039,6.42215e+06
100,0.0327789,6.42228e+06
100.1,0.0328539,6.42241e+06
100.2,0.032929,6.42255e+06
100.3,0.0330043,6.42268e+06
100.4,0.0330797,6.42281e+06
100.5,0.0331552,6.42295e+06
100.6,0.0332308,6.42308e+06
100.7,0.0333065,6.42321e+06
100.8,0.0333823,6.42335e+06
100.9,0.0334582,6.42348e+06
101,0.0335343,6.42361e+06
101.1,0.0336105,6.42375e+06
101.2,0.0336867,6.42388e+06
101.3,0.0337631,6.42402e+06
101.4,0.0338396,6.42415e+06
101.5,0.0339163,6.42429e+06
101.6,0.033993,6.42443e+06
101.7,0.0340699,6.42456e+06
101.8,0.0341468,6.4247e+06
101.9,0.0342239,6.42484e+06
102,0.0343011,6.42497e+06
102.1,0.0343784,6.42511e+06
102.2,0.0344559,6.42525e+06
102.3,0.0345334,6.42539e+06
102.4,0.0346111,6.42552e+06
102.5,0.0346888,6.42566e+06
102.6,0.0347667,6.4258e+06
102.7,0.0348447,6.42594e+06
102.8,0.0349229,6.42608e+06
102.9,0.0350011,6.42622e+06
103,0.0350795,6.42636e+06
103.1,0.035158,6.4265e+06
103.2,0.0352366,6.42664e+06
103.3,0.0353153,6.42678e+06
103.4,0.0353941,6.42692e+06
103.5,0.035473,6.42706e+06
103.6,0.0355521,6.4272e+06
103.7,0.0356313,6.42734e+06
103.8,0.0357106,6.42748e+06
103.9,0.03579,6.42762e+06
104,0.0358695,6.42777e+06
104.1,0.0359492,6.42791e+06
104.2,0.036029,6.42805e+06
104.3,0.0361089,6.4282e+06
104.4,0.0361889,6.42834e+06
104.5,0.036269,6.42848e+06
104.6,0.0363492,6.42863e+06
104.7,0.0364296,6.42877e+06
104.8,0.0365101,6.42891e+06
104.9,0.0365907,6.42906e+06
105,0.0366714,6.4292e+06
105.1,0.0367523,6.42935e+06
105.2,0.0368332,6.42949e+06
105.3,0.0369143,6.42964e+06
105.4,0.0369955,6.42979e+06
105.5,0.0370768,6.42993e+06
105.6,0.0371583,6.43008e+06
105.7,0.0372398,6.43023e+06
105.8,0.0373215,6.43037e+06
105.9,0.0374033,6.43052e+06
106,0.0374853,6.43067e+06
106.1,0.0375673,6.43082e+06
106.2,0.0376495,6.43096e+06
106.3,0.0377318,6.43111e+06
106.4,0.0378142,6.43126e+06
106.5,0.0378967,6.43141e+06
106.6,0.0379794,6.43156e+06
106.7,0.0380622,6.43171e+06
106.8,0.0381451,6.43186e+06
106.9,0.0382281,6.43201e+06
107,0.0383112,6.43216e+06
107.1,0.0383945,6.43231e+06
107.2,0.0384779,6.43246e+06
107.3,0.0385614,6.43261e+06
107.4,0.0386451,6.43276e+06
107.5,0.0387288,6.43292e+06
107.6,0.0388127,6.43307e+06
107.7,0.0388967,6.43322e+06
107.8,0.0389808,6.43337e+06
107.9,0.0390651,6.43353e+06
108,0.0391495,6.43368e+06
108.1,0.039234,6.43383e+06
108.2,0.0393186,6.43399e+06
108.3,0.0394034,6.43414e+06
108.4,0.0394883,6.4343e+06
108.5,0.0395733,6.43445e+06
108.6,0.0396584,6.43461e+06
108.7,0.0397436,6.43476e+06
108.8,0.039829,6.43492e+06
108.9,0.0399145,6.43507e+06
109,0.0400002,6.43523e+06
109.1,0.0400859,6.43538e+06
109.2,0.0401718,6.43554e+06
109.3,0.0402578,6.4357e+06
109.4,0.040344,6.43586e+06
109.5,0.0404302,6.43601e+06
109.6,0.0405166,6.43617e+06
109.7,0.0406031,6.43633e+06
109.8,0.0406898,6.43649e+06
109.9,0.0407765,6.43665e+06
110,0.0408634,6.43681e+06
110.1,0.0409505,6.43697e+06
110.2,0.0410376,6.43713e+06
110.3,0.0411249,6.43728e+06
110.4,0.0412123,6.43745e+06
110.5,0.0412999,6.43761e+06
110.6,0.0413875,6.43777e+06
110.7,0.0414753,6.43793e+06
110.8,0.0415632,6.43809e+06
110.9,0.0416513,6.43825e+06
111,0.0417395,6.43841e+06
111.1,0.0418278,6.43858e+06
111.2,0.0419162,6.43874e+06
111.3,0.0420048,6.4389e+06
111.4,0.0420935,6.43906e+06
111.5,0.0421823,6.43923e+06
111.6,0.0422713,6.43939e+06
111.7,0.0423604,6.43956e+06
111.8,0.0424496,6.43972e+06
111.9,0.042539,6.43989e+06
112,0.0426284,6.44005e+06
112.1,0.0427181,6.44022e+06
112.2,0.0428078,6.44038e+06
112.3,0.0428977,6.44055e+06
112.4,0.0429877,6.44071e+06
112.5,0.0430778,6.44088e+06
112.6,0.0431681,6.44105e+06
112.7,0.0432585,6.44121e+06
112.8,0.043349,6.44138e+06
112.9,0.0434397,6.44155e+06
113,0.0435305,6.44172e+06
113.1,0.0436214,6.44189e+06
113.2,0.0437125,6.44206e+06
113.3,0.0438037,6.44222e+06
113.4,0.043895,6.44239e+06
113.5,0.0439865,6.44256e+06
113.6,0.0440781,6.44273e+06
113.7,0.0441699,6.4429e+06
113.8,0.0442617,6.44308e+06
113.9,0.0443537,6.44325e+06
114,0.0444459,6.44342e+06
114.1,0.0445381,6.44359e+06
114.2,0.0446305,6.44376e+06
114.3,0.0447231,6.44393e+06
114.4,0.0448158,6.44411e+06
114.5,0.0449086,6.44428e+06
114.6,0.0450015,6.44445e+06
114.7,0.0450946,6.44463e+06
114.8,0.0451878,6.4448e+06
114.9,0.0452812,6.44497e+06
115,0.0453747,6.44515e+06
115.1,0.0454683,6.44532e+06
115.2,0.0455621,6.4455e+06
115.3,0.045656,6.44567e+06
115.4,0.04575,6.44585e+06
115.5,0.0458442,6.44603e+06
115.6,0.0459385,6.4462e+06
115.7,0.046033,6.44638e+06
115.8,0.0461276,6.44656e+06
115.9,0.0462223,6.44673e+06
116,0.0463172,6.44691e+06
116.1,0.0464122,6.44709e+06
116.2,0.0465073,6.44727e+06
116.3,0.0466026,6.44745e+06
116.4,0.046698,6.44763e+06
116.5,0.0467936,6.44781e+06
116.6,0.0468893,6.44799e+06
116.7,0.0469851,6.44817e+06
116.8,0.0470811,6.44835e+06
116.9,0.0471773,6.44853e+06
117,0.0472735,6.44871e+06
117.1,0.0473699,6.44889e+06
117.2,0.0474665,6.44907e+06
117.3,0.0475632,6.44925e+06
117.4,0.04766,6.44944e+06
117.5,0.0477569,6.44962e+06
117.6,0.0478541,6.4498e+06
117.7,0.0479513,6.44999e+06
117.8,0.0480487,6.45017e+06
117.9,0.0481462,6.45035e+06
118,0.0482439,6.45054e+06
118.1,0.0483417,6.45072e+06
118.2,0.0484397,6.45091e+06
118.3,0.0485378,6.45109e+06
118.4,0.0486361,6.45128e+06
118.5,0.0487345,6.45147e+06
118.6,0.048833,6.45165e+06
118.7,0.0489317,6.45184e+06
118.8,0.0490305,6.45203e+06
118.9,0.0491295,6.45222e+06
119,0.0492286,6.4524e+06
119.1,0.0493278,6.45259e+06
119.2,0.0494272,6.45278e+06
119.3,0.0495268,6.45297e+06
119.4,0.0496265,6.45316e+06
119.5,0.0497263,6.45335e+06
119.6,0.0498263,6.45354e+06
119.7,0.0499264,6.45373e+06
119.8,0.0500267,6.45392e+06
119.9,0.0501271,6.45411e+06
120,0.249334,6.4543e+06
120.1,0.551761,6.45449e+06
120.2,0.957447,6.45468e+06
120.3,1.46643,6.45487e+06
120.4,2.07874,6.45506e+06
120.5,2.79442,6.45526e+06
120.6,3.61351,6.45545e+06
120.7,4.53605,6.45564e+06
120.8,5.56206,6.45583e+06
120.9,6.6916,6.45602e+06
121,7.92469,6.45621e+06
121.1,9.26138,6.4564e+06
121.2,10.7017,6.45659e+06
121.3,12.2457,6.45678e+06
121.4,13.8934,6.45696e+06
121.5,15.6448,6.45715e+06
121.6,17.5001,6.45734e+06
121.7,19.4591,6.45753e+06
121.8,21.522,6.45772e+06
121.9,23.6888,6.45791e+06
122,25.9595,6.4581e+06
122.1,28.3342,6.45829e+06
122.2,30.813,6.45848e+06
122.3,33.3957,6.45867e+06
122.4,36.0826,6.45886e+06
122.5,38.8735,6.45904e+06
122.6,41.7687,6.45923e+06
122.7,44.768,6.45942e+06
122.8,47.8715,6.45961e+06
122.9,51.0794,6.4598e+06
123,54.3915,6.45999e+06
123.1,57.808,6.46017e+06
123.2,61.3289,6.46036e+06
123.3,64.9542,6.46055e+06
123.4,68.684,6.46074e+06
123.5,72.5183,6.46092e+06
123.6,76.4571,6.46111e+06
123.7,80.5005,6.4613e+06
123.8,84.6486,6.46149e+06
123.9,88.9012,6.46167e+06
124,93.2586,6.46186e+06
124.1,97.7207,6.46205e+06
124.2,102.288,6.46223e+06
124.3,106.959,6.46242e+06
124.4,111.736,6.46261e+06
124.5,116.617,6.46279e+06
124.6,121.604,6.46298e+06
124.7,126.695,6.46317e+06
124.8,131.891,6.46335e+06
124.9,137.193,6.46354e+06
125,142.599,6.46373e+06
125.1,148.111,6.46391e+06
125.2,153.727,6.4641e+06
125.3,159.449,6.46428e+06
125.4,165.276,6.46447e+06
125.5,171.209,6.46466e+06
125.6,177.246,6.46484e+06
125.7,183.389,6.46503e+06
125.8,189.638,6.46521e+06
125.9,195.992,6.4654e+06
126,202.451,6.46558e+06
126.1,209.016,6.46577e+06
126.2,215.686,6.46595e+06
126.3,222.462,6.46614e+06
126.4,229.344,6.46632e+06
126.5,236.331,6.46651e+06
126.6,243.424,6.46669e+06
126.7,250.623,6.46688e+06
126.8,257.927,6.46706e+06
126.9,265.338,6.46724e+06
127,272.854,6.46743e+06
127.1,280.476,6.46761e+06
127.2,288.204,6.4678e+06
127.3,296.038,6.46798e+06
127.4,303.978,6.46816e+06
127.5,312.024,6.46835e+06
127.6,320.176,6.46853e+06
127.7,328.434,6.46872e+06
127.8,336.798,6.4689e+06
127.9,345.269,6.46908e+06
128,353.846,6.46927e+06
128.1,362.529,6.46945e+06
128.2,371.318,6.46963e+06
128.3,380.214,6.46982e+06
128.4,389.216,6.47e+06
128.5,398.325,6.47018e+06
128.6,407.54,6.47036e+06
128.7,416.862,6.47055e+06
128.8,426.29,6.47073e+06
128.9,435.825,6.47091e+06
129,445.467,6.47109e+06
129.1,455.215,6.47128e+06
129.2,465.07,6.47146e+06
129.3,475.031,6.47164e+06
129.4,485.1,6.47182e+06
129.5,495.275,6.472e+06
129.6,505.557,6.47219e+06
129.7,515.946,6.47237e+06
129.8,526.442,6.47255e+06
129.9,537.046,6.47273e+06
130,547.756,6.47291e+06
130.1,558.573,6.47309e+06
130.2,569.497,6.47327e+06
130.3,580.529,6.47346e+06
130.4,591.667,6.47364e+06
130.5,602.913,6.47382e+06
130.6,614.266,6.474e+06
130.7,625.727,6.47418e+06
130.8,637.295,6.47436e+06
130.9,648.97,6.47454e+06
131,660.753,6.47472e+06
131.1,672.643,6.4749e+06
131.2,684.641,6.47508e+06
131.3,696.746,6.47526e+06
131.4,708.959,6.47544e+06
131.5,721.28,6.47562e+06
131.6,733.708,6.4758e+06
131.7,746.244,6.47598e+06
131.8,758.888,6.47616e+06
131.9,771.639,6.47634e+06
132,784.498,6.47652e+06
132.1,797.466,6.4767e+06
132.2,810.541,6.47688e+06
132.3,823.724,6.47706e+06
132.4,837.015,6.47724e+06
132.5,850.414,6.47742e+06
132.6,863.922,6.47759e+06
132.7,877.537,6.47777e+06
132.8,891.261,6.47795e+06
132.9,905.093,6.47813e+06
133,919.033,6.47831e+06
133.1,933.081,6.47849e+06
133.2,947.238,6.47867e+06
133.3,961.503,6.47884e+06
133.4,975.876,6.47902e+06
133.5,990.358,6.4792e+06
133.6,1004.95,6.47938e+06
133.7,1019.65,6.47956e+06
133.8,1034.46,6.47973e+06
133.9,1049.37,6.47991e+06
134,1064.4,6.48009e+06
134.1,1079.53,6.48027e+06
134.2,1094.77,6.48044e+06
134.3,1110.12,6.48062e+06
134.4,1125.58,6.4808e+06
134.5,1141.15,6.48098e+06
134.6,1156.83,6.48115e+06
134.7,1172.62,6.48133e+06
134.8,1188.51,6.48151e+06
134.9,1204.52,6.48168e+06
135,1220.63,6.48186e+06
135.1,1236.85,6.48204e+06
135.2,1253.19,6.48221e+06
135.3,1269.63,6.48239e+06
135.4,1286.18,6.48257e+06
135.5,1302.84,6.48274e+06
135.6,1319.61,6.48292e+06
135.7,1336.48,6.48309e+06
135.8,1353.47,6.48327e+06
135.9,1370.57,6.48344e+06
136,1387.78,6.48362e+06
136.1,1405.09,6.4838e+06
136.2,1422.52,6.48397e+06
136.3,1440.05,6.48415e+06
136.4,1457.7,6.48432e+06
136.5,1475.45,6.4845e+06
136.6,1493.32,6.48467e+06
136.7,1511.29,6.48485e+06
136.8,1529.38,6.48502e+06
136.9,1547.57,6.4852e+06
137,1565.88,6.48537e+06
137.1,1584.29,6.48555e+06
137.2,1602.81,6.48572e+06
137.3,1621.45,6.4859e+06
137.4,1640.19,6.48607e+06
137.5,1659.05,6.48624e+06
137.6,1678.01,6.48642e+06
137.7,1697.08,6.48659e+06
137.8,1716.27,6.48677e+06
137.9,1735.56,6.48694e+06
138,1754.97,6.48711e+06
138.1,1774.49,6.48729e+06
138.2,1794.11,6.48746e+06
138.3,1813.85,6.48764e+06
138.4,1833.7,6.48781e+06
138.5,1853.65,6.48798e+06
138.6,1873.72,6.48815e+06
138.7,1893.9,6.48833e+06
138.8,1914.19,6.4885e+06
138.9,1934.59,6.48867e+06
139,1955.1,6.48885e+06
139.1,1975.72,6.48902e+06
139.2,1996.46,6.48919e+06
139.3,2017.3,6.48936e+06
139.4,2038.25,6.48954e+06
139.5,2059.32,6.48971e+06
139.6,2080.5,6.48988e+06
139.7,2101.78,6.49005e+06
139.8,2123.18,6.49023e+06
139.9,2144.69,6.4904e+06
140,2166.31,6.49057e+06
140.1,2188.04,6.49074e+06
140.2,2209.89,6.49091e+06
140.3,2231.84,6.49109e+06
140.4,2253.91,6.49126e+06
140.5,2276.09,6.49143e+06
140.6,2298.38,6.4916e+06
140.7,2320.78,6.49177e+06
140.8,2343.29,6.49194e+06
140.9,2365.91,6.49211e+06
141,2388.65,6.49228e+06
141.1,2411.49,6.49245e+06
141.2,2434.45,6.49263e+06
141.3,2457.52,6.4928e+06
141.4,2480.7,6.49297e+06
141.5,2504,6.49314e+06
141.6,2527.4,6.49331e+06
141.7,2550.92,6.49348e+06
141.8,2574.55,6.49365e+06
141.9,2598.29,6.49382e+06
142,2622.15,6.49399e+06
142.1,2646.11,6.49416e+06
142.2,2670.19,6.49433e+06
142.3,2694.38,6.4945e+06
142.4,2718.68,6.49467e+06
142.5,2743.1,6.49484e+06
142.6,2767.63,6.49501e+06
142.7,2792.26,6.49518e+06
142.8,2817.02,6.49534e+06
142.9,2841.88,6.49551e+06
143,2866.86,6.49568e+06
143.1,2891.95,6.49585e+06
143.2,2917.15,6.49602e+06
143.3,2942.46,6.49619e+06
143.4,2967.89,6.49636e+06
143.5,2993.43,6.49653e+06
143.6,3019.08,6.4967e+06
143.7,3044.85,6.49686e+06
143.8,3070.73,6.49703e+06
143.9,3096.72,6.4972e+06
144,3122.82,6.49737e+06
144.1,3149.04,6.49754e+06
144.2,3175.37,6.4977e+06
144.3,3201.81,6.49787e+06
144.4,3228.37,6.49804e+06
144.5,3255.04,6.49821e+06
144.6,3281.82,6.49837e+06
144.7,3308.71,6.49854e+06
144.8,3335.72,6.49871e+06
144.9,3362.85,6.49888e+06
145,3390.08,6.49904e+06
145.1,3417.43,6.49921e+06
145.2,3444.89,6.49938e+06
145.3,3472.47,6.49955e+06
145.4,3500.16,6.49971e+06
145.5,3527.96,6.49988e+06
145.6,3555.88,6.50005e+06
145.7,3583.91,6.50021e+06
145.8,3612.05,6.50038e+06
145.9,3640.31,6.50054e+06
146,3668.68,6.50071e+06
146.1,3697.17,6.50088e+06
146.2,3725.77,6.50104e+06
146.3,3754.48,6.50121e+06
146.4,3783.31,6.50137e+06
146.5,3812.25,6.50154e+06
146.6,3841.31,6.50171e+06
146.7,3870.48,6.50187e+06
146.8,3899.76,6.50204e+06
146.9,3929.16,6.5022e+06
147,3958.67,6.50237e+06
147.1,3988.3,6.50253e+06
147.2,4018.04,6.5027e+06
147.3,4047.9,6.50286e+06
147.4,4077.87,6.50303e+06
147.5,4107.95,6.50319e+06
147.6,4138.15,6.50336e+06
147.7,4168.47,6.50352e+06
147.8,4198.89,6.50369e+06
147.9,4229.44,6.50385e+06
148,4260.09,6.50402e+06
148.1,4290.87,6.50418e+06
148.2,4321.76,6.50434e+06
148.3,4352.76,6.50451e+06
148.4,4383.87,6.50467e+06
148.5,4415.11,6.50484e+06
148.6,4446.45,6.505e+06
148.7,4477.92,6.50516e+06
148.8,4509.49,6.50533e+06
148.9,4541.19,6.50549e+06
149,4572.99,6.50565e+06
149.1,4604.92,6.50582e+06
149.2,4636.96,6.50598e+06
149.3,4669.11,6.50614e+06
149.4,4701.38,6.50631e+06
149.5,4733.76,6.50647e+06
149.6,4766.26,6.50663e+06
149.7,4798.88,6.50679e+06
149.8,4831.61,6.50696e+06
149.9,4864.45,6.50712e+06
150,4897.42,6.50728e+06
150.1,4930.49,6.50744e+06
150.2,4963.69,6.50761e+06
150.3,4997,6.50777e+06
150.4,5030.42,6.50793e+06
150.5,5063.96,6.50809e+06
150.6,5097.62,6.50826e+06
150.7,5131.39,6.50842e+06
150.8,5165.28,6.50858e+06
150.9,5199.29,6.50874e+06
151,5233.41,6.5089e+06
151.1,5267.65,6.50906e+06
151.2,5302,6.50922e+06
151.3,5336.47,6.50939e+06
151.4,5371.06,6.50955e+06
151.5,5405.76,6.50971e+06
151.6,5440.58,6.50987e+06
151.7,5475.51,6.51003e+06
151.8,5510.56,6.51019e+06
151.9,5545.73,6.51035e+06
152,5581.02,6.51051e+06
152.1,5616.42,6.51067e+06
152.2,5651.94,6.51083e+06
152.3,5687.57,6.51099e+06
152.4,5723.32,6.51115e+06
152.5,5759.19,6.51131e+06
152.6,5795.18,6.51147e+06
152.7,5831.28,6.51163e+06
152.8,5867.5,6.51179e+06
152.9,5903.84,6.51195e+06
153,5940.29,6.51211e+06
153.1,5976.86,6.51227e+06
153.2,6013.55,6.51243e+06
153.3,6050.35,6.51259e+06
153.4,6087.27,6.51275e+06
153.5,6124.31,6.51291e+06
153.6,6161.47,6.51307e+06
153.7,6198.74,6.51323e+06
153.8,6236.14,6.51339e+06
153.9,6273.64,6.51354e+06
154,6311.27,6.5137e+06
154.1,6349.02,6.51386e+06
154.2,6386.88,6.51402e+06
154.3,6424.86,6.51418e+06
154.4,6462.95,6.51434e+06
154.5,6501.17,6.5145e+06
154.6,6539.5,6.51465e+06
154.7,6577.95,6.51481e+06
154.8,6616.52,6.51497e+06
154.9,6655.21,6.51513e+06
155,6694.01,6.51529e+06
155.1,6732.94,6.51544e+06
155.2,6771.98,6.5156e+06
155.3,6811.13,6.51576e+06
155.4,6850.41,6.51592e+06
155.5,6889.81,6.51607e+06
155.6,6929.32,6.51623e+06
155.7,6968.95,6.51639e+06
155.8,7008.7,6.51654e+06
155.9,7048.57,6.5167e+06
156,7088.56,6.51686e+06
156.1,7128.67,6.51701e+06
156.2,7168.89,6.51717e+06
156.3,7209.23,6.51733e+06
156.4,7249.7,6.51748e+06
156.5,7290.28,6.51764e+06
156.6,7330.98,6.5178e+06
156.7,7371.79,6.51795e+06
156.8,7412.73,6.51811e+06
156.9,7453.79,6.51826e+06
157,7494.96,6.51842e+06
157.1,7536.26,6.51858e+06
157.2,7577.67,6.51873e+06
157.3,7619.2,6.51889e+06
157.4,7660.85,6.51904e+06
157.5,7702.62,6.5192e+06
157.6,7744.51,6.51935e+06
157.7,7786.52,6.51951e+06
157.8,7828.65,6.51966e+06
157.9,7870.9,6.51982e+06
158,7913.27,6.51997e+06
158.1,7955.76,6.52013e+06
158.2,7998.36,6.52028e+06
158.3,8041.09,6.52044e+06
158.4,8083.94,6.52059e+06
158.5,8126.9,6.52075e+06
158.6,8169.99,6.5209e+06
158.7,8213.19,6.52106e+06
158.8,8256.52,6.52121e+06
158.9,8299.96,6.52136e+06
159,8343.53,6.52152e+06
159.1,8387.21,6.52167e+06
159.2,8431.02,6.52183e+06
159.3,8474.94,6.52198e+06
159.4,8518.99,6.52213e+06
159.5,8563.16,6.52229e+06
159.6,8607.44,6.52244e+06
159.7,8651.85,6.52259e+06
159.8,8696.38,6.52275e+06
159.9,8741.02,6.5229e+06
160,8785.79,6.52305e+06
160.1,8830.68,6.52321e+06
160.2,8875.69,6.52336e+06
160.3,8920.82,6.52351e+06
160.4,8966.07,6.52366e+06
160.5,9011.44,6.52382e+06
160.6,9056.93,6.52397e+06
160.7,9102.54,6.52412e+06
160.8,9148.28,6.52427e+06
160.9,9194.13,6.52443e+06
161,9240.11,6.52458e+06
161.1,9286.2,6.52473e+06
161.2,9332.42,6.52488e+06
161.3,9378.76,6.52503e+06
161.4,9425.22,6.52519e+06
161.5,9471.8,6.52534e+06
161.6,9518.5,6.52549e+06
161.7,9565.33,6.52564e+06
161.8,9612.27,6.52579e+06
161.9,9659.34,6.52594e+06
162,9706.53,6.52609e+06
162.1,9753.84,6.52625e+06
162.2,9801.27,6.5264e+06
162.3,9848.82,6.52655e+06
162.4,9896.49,6.5267e+06
162.5,9944.29,6.52685e+06
162.6,9992.21,6.527e+06
162.7,10040.2,6.52715e+06
162.8,10088.4,6.5273e+06
162.9,10136.7,6.52745e+06
163,10185.1,6.5276e+06
163.1,10233.6,6.52775e+06
163.2,10282.3,6.5279e+06
163.3,10331,6.52805e+06
163.4,10379.9,6.5282e+06
163.5,10429,6.52835e+06
163.6,10478.1,6.5285e+06
163.7,10527.4,6.52865e+06
163.8,10576.7,6.5288e+06
163.9,10626.3,6.52895e+06
164,10675.9,6.5291e+06
164.1,10725.6,6.52925e+06
164.2,10775.5,6.5294e+06
164.3,10825.5,6.52955e+06
164.4,10875.6,6.5297e+06
164.5,10925.9,6.52984e+06
164.6,10976.2,6.52999e+06
164.7,11026.7,6.53014e+06
164.8,11077.3,6.53029e+06
164.9,11128.1,6.53044e+06
165,11178.9,6.53059e+06
165.1,11229.9,6.53074e+06
165.2,11281,6.53088e+06
165.3,11332.2,6.53103e+06
165.4,11383.6,6.53118e+06
165.5,11435,6.53133e+06
165.6,11486.6,6.53148e+06
165.7,11538.4,6.53162e+06
165.8,11590.2,6.53177e+06
165.9,11642.2,6.53192e+06
166,11694.3,6.53207e+06
166.1,11746.5,6.53221e+06
166.2,11798.8,6.53236e+06
166.3,11851.3,6.53251e+06
166.4,11903.9,6.53265e+06
166.5,11956.6,6.5328e+06
166.6,12009.4,6.53295e+06
166.7,12062.4,6.5331e+06
166.8,12115.4,6.53324e+06
166.9,12168.6,6.53339e+06
167,12222,6.53354e+06
167.1,12275.4,6.53368e+06
167.2,12329,6.53383e+06
167.3,12382.7,6.53397e+06
167.4,12436.5,6.53412e+06
167.5,12490.5,6.53427e+06
167.6,12544.6,6.53441e+06
167.7,12598.8,6.53456e+06
167.8,12653.1,6.5347e+06
167.9,12707.5,6.53485e+06
168,12762.1,6.535e+06
168.1,12816.8,6.53514e+06
168.2,12871.6,6.53529e+06
168.3,12926.6,6.53543e+06
168.4,12981.6,6.53558e+06
168.5,13036.8,6.53572e+06
168.6,13092.2,6.53587e+06
168.7,13147.6,6.53601e+06
168.8,13203.2,6.53616e+06
168.9,13258.9,6.5363e+06
169,13314.7,6.53645e+06
169.1,13370.6,6.53659e+06
169.2,13426.7,6.53674e+06
169.3,13482.9,6.53688e+06
169.4,13539.2,6.53702e+06
169.5,13595.7,6.53717e+06
169.6,13652.3,6.53731e+06
169.7,13709,6.53746e+06
169.8,13765.8,6.5376e+06
169.9,13822.7,6.53774e+06
170,13879.8,6.53789e+06
170.1,13937,6.53803e+06
170.2,13994.3,6.53817e+06
170.3,14051.8,6.53832e+06
170.4,14109.4,6.53846e+06
170.5,14167.1,6.5386e+06
170.6,14224.9,6.53875e+06
170.7,14282.9,6.53889e+06
170.8,14341,6.53903e+06
170.9,14399.2,6.53918e+06
171,14457.5,6.53932e+06
171.1,14516,6.53946e+06
171.2,14574.6,6.5396e+06
171.3,14633.3,6.53975e+06
171.4,14692.1,6.53989e+06
171.5,14751.1,6.54003e+06
171.6,14810.2,6.54017e+06
171.7,14869.4,6.54032e+06
171.8,14928.8,6.54046e+06
171.9,14988.2,6.5406e+06
172,15047.8,6.54074e+06
172.1,15107.6,6.54088e+06
172.2,15167.4,6.54103e+06
172.3,15227.4,6.54117e+06
172.4,15287.5,6.54131e+06
172.5,15347.8,6.54145e+06
172.6,15408.1,6.54159e+06
172.7,15468.6,6.54173e+06
172.8,15529.2,6.54187e+06
172.9,15590,6.54201e+06
173,15650.9,6.54216e+06
173.1,15711.9,6.5423e+06
173.2,15773,6.54244e+06
173.3,15834.2,6.54258e+06
173.4,15895.6,6.54272e+06
173.5,15957.1,6.54286e+06
173.6,16018.8,6.543e+06
173.7,16080.5,6.54314e+06
173.8,16142.4,6.54328e+06
173.9,16204.5,6.54342e+06
174,16266.6,6.54356e+06
174.1,16328.9,6.5437e+06
174.2,16391.3,6.54384e+06
174.3,16453.8,6.54398e+06
174.4,16516.5,6.54412e+06
174.5,16579.3,6.54426e+06
174.6,16642.2,6.5444e+06
174.7,16705.3,6.54454e+06
174.8,16768.4,6.54468e+06
174.9,16831.7,6.54482e+06
175,16895.2,6.54495e+06
175.1,16958.7,6.54509e+06
175.2,17022.4,6.54523e+06
175.3,17086.3,6.54537e+06
175.4,17150.2,6.54551e+06
175.5,17214.3,6.54565e+06
175.6,17278.5,6.54579e+06
175.7,17342.8,6.54593e+06
175.8,17407.3,6.54606e+06
175.9,17471.9,6.5462e+06
176,17536.6,6.54634e+06
176.1,17601.5,6.54648e+06
176.2,17666.4,6.54662e+06
176.3,17731.5,6.54675e+06
176.4,17796.8,6.54689e+06
176.5,17862.1,6.54703e+06
176.6,17927.6,6.54717e+06
176.7,17993.3,6.5473e+06
176.8,18059,6.54744e+06
176.9,18124.9,6.54758e+06
177,18190.9,6.54772e+06
177.1,18257.1,6.54785e+06
177.2,18323.4,6.54799e+06
177.3,18389.8,6.54813e+06
177.4,18456.3,6.54826e+06
177.5,18523,6.5484e+06
177.6,18589.8,6.54854e+06
177.7,18656.7,6.54867e+06
177.8,18723.7,6.54881e+06
177.9,18790.9,6.54895e+06
178,18858.2,6.54908e+06
178.1,18925.7,6.54922e+06
178.2,18993.3,6.54936e+06
178.3,19061,6.54949e+06
178.4,19128.8,6.54963e+06
178.5,19196.8,6.54976e+06
178.6,19264.9,6.5499e+06
178.7,19333.1,6.55003e+06
178.8,19401.5,6.55017e+06
178.9,19470,6.55031e+06
179,19538.6,6.55044e+06
179.1,19607.3,6.55058e+06
179.2,19676.2,6.55071e+06
179.3,19745.2,6.55085e+06
179.4,19814.4,6.55098e+06
179.5,19883.7,6.55112e+06
179.6,19953.1,6.55125e+06
179.7,20022.6,6.55139e+06
179.8,20092.3,6.55152e+06
179.9,20162.1,6.55165e+06
180,20232,6.55179e+06
180.1,20302.1,6.55192e+06
180.2,20372.3,6.55206e+06
180.3,20442.6,6.55219e+06
180.4,20513.1,6.55233e+06
180.5,20583.7,6.55246e+06
180.6,20654.4,6.55259e+06
180.7,20725.2,6.55273e+06
180.8,20796.2,6.55286e+06
180.9,20867.3,6.55299e+06
181,20938.6,6.55313e+06
181.1,21010,6.55326e+06
181.2,21081.5,6.55339e+06
181.3,21153.1,6.55353e+06
181.4,21224.9,6.55366e+06
181.5,21296.8,6.55379e+06
181.6,21368.9,6.55393e+06
181.7,21441.1,6.55406e+06
181.8,21513.4,6.55419e+06
181.9,21585.8,6.55433e+06
182,21658.4,6.55446e+06
182.1,21731.1,6.55459e+06
182.2,21803.9,6.55472e+06
182.3,21876.9,6.55486e+06
182.4,21950,6.55499e+06
182.5,22023.3,6.55512e+06
182.6,22096.6,6.55525e+06
182.7,22170.1,6.55538e+06
182.8,22243.8,6.55552e+06
182.9,22317.5,6.55565e+06
183,22391.4,6.55578e+06
183.1,22465.5,6.55591e+06
183.2,22539.7,6.55604e+06
183.3,22614,6.55617e+06
183.4,22688.4,6.5563e+06
183.5,22763,6.55644e+06
183.6,22837.7,6.55657e+06
183.7,22912.5,6.5567e+06
183.8,22987.5,6.55683e+06
183.9,23062.6,6.55696e+06
184,23137.8,6.55709e+06
184.1,23213.2,6.55722e+06
184.2,23288.7,6.55735e+06
184.3,23364.4,6.55748e+06
184.4,23440.1,6.55761e+06
184.5,23516.1,6.55774e+06
184.6,23592.1,6.55787e+06
184.7,23668.3,6.558e+06
184.8,23744.6,6.55813e+06
184.9,23821,6.55826e+06
185,23897.6,6.55839e+06
185.1,23974.3,6.55852e+06
185.2,24051.2,6.55865e+06
185.3,24128.2,6.55878e+06
185.4,24205.3,6.55891e+06
185.5,24282.6,6.55904e+06
185.6,24360,6.55917e+06
185.7,24437.5,6.5593e+06
185.8,24515.1,6.55943e+06
185.9,24592.9,6.55956e+06
186,24670.9,6.55968e+06
186.1,24748.9,6.55981e+06
186.2,24827.1,6.55994e+06
186.3,24905.5,6.56007e+06
186.4,24983.9,6.5602e+06
186.5,25062.6,6.56033e+06
186.6,25141.3,6.56046e+06
186.7,25220.2,6.56058e+06
186.8,25299.2,6.56071e+06
186.9,25378.3,6.56084e+06
187,25457.6,6.56097e+06
187.1,25537.1,6.5611e+06
187.2,25616.6,6.56122e+06
187.3,25696.3,6.56135e+06
187.4,25776.1,6.56148e+06
187.5,25856.1,6.56161e+06
187.6,25936.2,6.56173e+06
187.7,26016.4,6.56186e+06
187.8,26096.8,6.56199e+06
187.9,26177.3,6.56211e+06
188,26258,6.56224e+06
188.1,26338.8,6.56237e+06
188.2,26419.7,6.5625e+06
188.3,26500.7,6.56262e+06
188.4,26581.9,6.56275e+06
188.5,26663.3,6.56288e+06
188.6,26744.7,6.563e+06
188.7,26826.3,6.56313e+06
188.8,26908.1,6.56325e+06
188.9,26990,6.56338e+06
189,27072,6.56351e+06
189.1,27154.1,6.56363e+06
189.2,27236.4,6.56376e+06
189.3,27318.8,6.56388e+06
189.4,27401.4,6.56401e+06
189.5,27484.1,6.56414e+06
189.6,27566.9,6.56426e+06
189.7,27649.9,6.56439e+06
189.8,27733,6.56451e+06
189.9,27816.3,6.56464e+06
190,27899.7,6.56476e+06
190.1,27983.2,6.56489e+06
190.2,28066.9,6.56501e+06
190.3,28150.7,6.56514e+06
190.4,28234.6,6.56526e+06
190.5,28318.7,6.56539e+06
190.6,28402.9,6.56551e+06
190.7,28487.3,6.56564e+06
190.8,28571.7,6.56576e+06
190.9,28656.4,6.56588e+06
191,28741.1,6.56601e+06
191.1,28826.1,6.56613e+06
191.2,28911.1,6.56626e+06
191.3,28996.3,6.56638e+06
191.4,29081.6,6.5665e+06
191.5,29167.1,6.56663e+06
191.6,29252.7,6.56675e+06
191.7,29338.4,6.56688e+06
191.8,29424.3,6.567e+06
191.9,29510.3,6.56712e+06
192,29596.5,6.56725e+06
192.1,29682.8,6.56737e+06
192.2,29769.2,6.56749e+06
192.3,29855.8,6.56762e+06
192.4,29942.5,6.56774e+06
192.5,30029.3,6.56786e+06
192.6,30116.3,6.56798e+06
192.7,30203.5,6.56811e+06
192.8,30290.7,6.56823e+06
192.9,30378.1,6.56835e+06
193,30465.7,6.56847e+06
193.1,30553.4,6.5686e+06
193.2,30641.2,6.56872e+06
193.3,30729.2,6.56884e+06
193.4,30817.3,6.56896e+06
193.5,30905.6,6.56908e+06
193.6,30993.9,6.56921e+06
193.7,31082.5,6.56933e+06
193.8,31171.1,6.56945e+06
193.9,31260,6.56957e+06
194,31348.9,6.56969e+06
194.1,31438,6.56981e+06
194.2,31527.2,6.56994e+06
194.3,31616.6,6.57006e+06
194.4,31706.1,6.57018e+06
194.5,31795.8,6.5703e+06
194.6,31885.6,6.57042e+06
194.7,31975.5,6.57054e+06
194.8,32065.6,6.57066e+06
194.9,32155.8,6.57078e+06
195,32246.2,6.5709e+06
195.1,32336.7,6.57102e+06
195.2,32427.3,6.57114e+06
195.3,32518.1,6.57126e+06
195.4,32609,6.57138e+06
195.5,32700.1,6.5715e+06
195.6,32791.3,6.57162e+06
195.7,32882.6,6.57174e+06
195.8,32974.1,6.57186e+06
195.9,33065.8,6.57198e+06
196,33157.5,6.5721e+06
196.1,33249.4,6.57222e+06
196.2,33341.5,6.57234e+06
196.3,33433.7,6.57246e+06
196.4,33526,6.57258e+06
196.5,33618.5,6.5727e+06
196.6,33711.1,6.57282e+06
196.7,33803.9,6.57294e+06
196.8,33896.8,6.57306e+06
196.9,33989.9,6.57317e+06
197,34083.1,6.57329e+06
197.1,34176.4,6.57341e+06
197.2,34269.9,6.57353e+06
197.3,34363.5,6.57365e+06
197.4,34457.3,6.57377e+06
197.5,34551.2,6.57389e+06
197.6,34645.2,6.574e+06
197.7,34739.4,6.57412e+06
197.8,34833.8,6.57424e+06
197.9,34928.3,6.57436e+06
198,35022.9,6.57447e+06
198.1,35117.6,6.57459e+06
198.2,35212.6,6.57471e+06
198.3,35307.6,6.57483e+06
198.4,35402.8,6.57495e+06
198.5,35498.1,6.57506e+06
198.6,35593.6,6.57518e+06
198.7,35689.3,6.5753e+06
198.8,35785,6.57541e+06
198.9,35880.9,6.57553e+06
199,35977,6.57565e+06
199.1,36073.2,6.57576e+06
199.2,36169.5,6.57588e+06
199.3,36266,6.576e+06
199.4,36362.7,6.57611e+06
199.5,36459.5,6.57623e+06
199.6,36556.4,6.57635e+06
199.7,36653.4,6.57646e+06
199.8,36750.7,6.57658e+06
199.9,36848,6.57669e+06
200,36945.5,6.57681e+06
200.1,37043.2,6.57693e+06
200.2,37141,6.57704e+06
200.3,37238.9,6.57716e+06
200.4,37337,6.57727e+06
200.5,37435.2,6.57739e+06
200.6,37533.6,6.5775e+06
200.7,37632.1,6.57762e+06
200.8,37730.7,6.57773e+06
200.9,37829.5,6.57785e+06
201,37928.5,6.57796e+06
201.1,38027.6,6.57808e+06
201.2,38126.8,6.57819e+06
201.3,38226.2,6.57831e+06
201.4,38325.8,6.57842e+06
201.5,38425.4,6.57854e+06
201.6,38525.3,6.57865e+06
201.7,38625.2,6.57877e+06
201.8,38725.3,6.57888e+06
201.9,38825.6,6.579e+06
202,38926,6.57911e+06
202.1,39026.6,6.57922e+06
202.2,39127.3,6.57934e+06
202.3,39228.1,6.57945e+06
202.4,39329.1,6.57957e+06
202.5,39430.3,6.57968e+06
202.6,39531.5,6.57979e+06
202.7,39633,6.57991e+06
202.8,39734.6,6.58002e+06
202.9,39836.3,6.58013e+06
203,39938.2,6.58025e+06
203.1,40040.2,6.58036e+06
203.2,40142.3,6.58047e+06
203.3,40244.7,6.58058e+06
203.4,40347.1,6.5807e+06
203.5,40449.7,6.58081e+06
203.6,40552.5,6.58092e+06
203.7,40655.4,6.58103e+06
203.8,40758.4,6.58115e+06
203.9,40861.6,6.58126e+06
204,40965,6.58137e+06
204.1,41068.5,6.58148e+06
204.2,41172.1,6.5816e+06
204.3,41275.9,6.58171e+06
204.4,41379.8,6.58182e+06
204.5,41483.9,6.58193e+06
204.6,41588.2,6.58204e+06
204.7,41692.5,6.58215e+06
204.8,41797.1,6.58227e+06
204.9,41901.7,6.58238e+06
205,42006.6,6.58249e+06
205.1,42111.5,6.5826e+06
205.2,42216.7,6.58271e+06
205.3,42321.9,6.58282e+06
205.4,42427.3,6.58293e+06
205.5,42532.9,6.58304e+06
205.6,42638.6,6.58316e+06
205.7,42744.5,6.58327e+06
205.8,42850.5,6.58338e+06
205.9,42956.7,6.58349e+06
206,43063,6.5836e+06
206.1,43169.4,6.58371e+06
206.2,43276.1,6.58382e+06
206.3,43382.8,6.58393e+06
206.4,43489.7,6.58404e+06
206.5,43596.8,6.58415e+06
206.6,43704,6.58426e+06
206.7,43811.3,6.58437e+06
206.8,43918.9,6.58448e+06
206.9,44026.5,6.58459e+06
207,44134.3,6.5847e+06
207.1,44242.3,6.58481e+06
207.2,44350.4,6.58491e+06
207.3,44458.6,6.58502e+06
207.4,44567,6.58513e+06
207.5,44675.6,6.58524e+06
207.6,44784.3,6.58535e+06
207.7,44893.2,6.58546e+06
207.8,45002.2,6.58557e+06
207.9,45111.3,6.58568e+06
208,45220.6,6.58579e+06
208.1,45330.1,6.58589e+06
208.2,45439.7,6.586e+06
208.3,45549.5,6.58611e+06
208.4,45659.4,6.58622e+06
208.5,45769.5,6.58633e+06
208.6,45879.7,6.58644e+06
208.7,45990,6.58654e+06
208.8,46100.6,6.58665e+06
208.9,46211.2,6.58676e+06
209,46322,6.58687e+06
209.1,46433,6.58697e+06
209.2,46544.1,6.58708e+06
209.3,46655.4,6.58719e+06
209.4,46766.8,6.5873e+06
209.5,46878.4,6.5874e+06
209.6,46990.2,6.58751e+06
209.7,47102,6.58762e+06
209.8,47214.1,6.58772e+06
209.9,47326.3,6.58783e+06
210,47438.6,6.58794e+06
210.1,47551.1,6.58804e+06
210.2,47663.7,6.58815e+06
210.3,47776.5,6.58826e+06
210.4,47889.5,6.58836e+06
210.5,48002.6,6.58847e+06
210.6,48115.8,6.58858e+06
210.7,48229.2,6.58868e+06
210.8,48342.8,6.58879e+06
210.9,48456.5,6.58889e+06
211,48570.4,6.589e+06
211.1,48684.4,6.58911e+06
211.2,48798.6,6.58921e+06
211.3,48912.9,6.58932e+06
211.4,49027.4,6.58942e+06
211.5,49142,6.58953e+06
211.6,49256.8,6.58963e+06
211.7,49371.7,6.58974e+06
211.8,49486.8,6.58984e+06
211.9,49602.1,6.58995e+06
212,49717.5,6.59005e+06
212.1,49833,6.59016e+06
212.2,49948.7,6.59026e+06
212.3,50064.6,6.59037e+06
212.4,50180.6,6.59047e+06
212.5,50296.8,6.59058e+06
212.6,50413.1,6.59068e+06
212.7,50529.6,6.59078e+06
212.8,50646.2,6.59089e+06
212.9,50763,6.59099e+06
213,50879.9,6.5911e+06
213.1,50997,6.5912e+06
213.2,51114.3,6.5913e+06
213.3,51231.7,6.59141e+06
213.4,51349.3,6.59151e+06
213.5,51467,6.59162e+06
213.6,51584.8,6.59172e+06
213.7,51702.9,6.59182e+06
213.8,51821.1,6.59192e+06
213.9,51939.4,6.59203e+06
214,52057.9,6.59213e+06
214.1,52176.5,6.59223e+06
214.2,52295.3,6.59234e+06
214.3,52414.3,6.59244e+06
214.4,52533.4,6.59254e+06
214.5,52652.7,6.59265e+06
214.6,52772.1,6.59275e+06
214.7,52891.7,6.59285e+06
214.8,53011.4,6.59295e+06
214.9,53131.3,6.59305e+06
215,53251.4,6.59316e+06
215.1,53371.6,6.59326e+06
215.2,53492,6.59336e+06
215.3,53612.5,6.59346e+06
215.4,53733.2,6.59356e+06
215.5,53854,6.59367e+06
215.6,53975,6.59377e+06
215.7,54096.2,6.59387e+06
215.8,54217.5,6.59397e+06
215.9,54338.9,6.59407e+06
216,54460.5,6.59417e+06
216.1,54582.3,6.59427e+06
216.2,54704.3,6.59438e+06
216.3,54826.4,6.59448e+06
216.4,54948.6,6.59458e+06
216.5,55071,6.59468e+06
216.6,55193.6,6.59478e+06
216.7,55316.3,6.59488e+06
216.8,55439.2,6.59498e+06
216.9,55562.2,6.59508e+06
217,55685.4,6.59518e+06
217.1,55808.8,6.59528e+06
217.2,55932.3,6.59538e+06
217.3,56056,6.59548e+06
217.4,56179.8,6.59558e+06
217.5,56303.8,6.59568e+06
217.6,56427.9,6.59578e+06
217.7,56552.2,6.59588e+06
217.8,56676.7,6.59598e+06
217.9,56801.3,6.59608e+06
218,56926.1,6.59618e+06
218.1,57051.1,6.59628e+06
218.2,57176.2,6.59638e+06
218.3,57301.4,6.59648e+06
218.4,57426.8,6.59657e+06
218.5,57552.4,6.59667e+06
218.6,57678.2,6.59677e+06
218.7,57804.1,6.59687e+06
218.8,57930.1,6.59697e+06
218.9,58056.3,6.59707e+06
219,58182.7,6.59717e+06
219.1,58309.3,6.59727e+06
219.2,58435.9,6.59736e+06
219.3,58562.8,6.59746e+06
219.4,58689.8,6.59756e+06
219.5,58817,6.59766e+06
219.6,58944.3,6.59776e+06
219.7,59071.8,6.59785e+06
219.8,59199.5,6.59795e+06
219.9,59327.3,6.59805e+06
220,59455.3,6.59815e+06
220.1,59583.4,6.59824e+06
220.2,59711.7,6.59834e+06
220.3,59840.2,6.59844e+06
220.4,59968.8,6.59854e+06
220.5,60097.6,6.59863e+06
220.6,60226.6,6.59873e+06
220.7,60355.7,6.59883e+06
220.8,60484.9,6.59892e+06
220.9,60614.4,6.59902e+06
221,60744,6.59912e+06
221.1,60873.7,6.59921e+06
221.2,61003.6,6.59931e+06
221.3,61133.7,6.59941e+06
221.4,61263.9,6.5995e+06
221.5,61394.3,6.5996e+06
221.6,61524.9,6.59969e+06
221.7,61655.6,6.59979e+06
221.8,61786.5,6.59989e+06
221.9,61917.6,6.59998e+06
222,62048.8,6.60008e+06
222.1,62180.2,6.60017e+06
222.2,62311.7,6.60027e+06
222.3,62443.4,6.60036e+06
222.4,62575.3,6.60046e+06
222.5,62707.3,6.60056e+06
222.6,62839.5,6.60065e+06
222.7,62971.8,6.60075e+06
222.8,63104.3,6.60084e+06
222.9,63237,6.60094e+06
223,63369.9,6.60103e+06
223.1,63502.9,6.60112e+06
223.2,63636,6.60122e+06
223.3,63769.4,6.60131e+06
223.4,63902.9,6.60141e+06
223.5,64036.5,6.6015e+06
223.6,64170.4,6.6016e+06
223.7,64304.4,6.60169e+06
223.8,64438.5,6.60179e+06
223.9,64572.8,6.60188e+06
224,64707.3,6.60197e+06
224.1,64842,6.60207e+06
224.2,64976.8,6.60216e+06
224.3,65111.7,6.60225e+06
224.4,65246.9,6.60235e+06
224.5,65382.2,6.60244e+06
224.6,65517.7,6.60253e+06
224.7,65653.3,6.60263e+06
224.8,65789.1,6.60272e+06
224.9,65925.1,6.60281e+06
225,66061.2,6.60291e+06
225.1,66197.5,6.603e+06
225.2,66334,6.60309e+06
225.3,66470.6,6.60319e+06
225.4,66607.4,6.60328e+06
225.5,66744.3,6.60337e+06
225.6,66881.5,6.60346e+06
225.7,67018.7,6.60356e+06
225.8,67156.2,6.60365e+06
225.9,67293.8,6.60374e+06
226,67431.6,6.60383e+06
226.1,67569.6,6.60392e+06
226.2,67707.7,6.60402e+06
226.3,67846,6.60411e+06
226.4,67984.4,6.6042e+06
226.5,68123.1,6.60429e+06
226.6,68261.8,6.60438e+06
226.7,68400.8,6.60447e+06
226.8,68539.9,6.60457e+06
226.9,68679.2,6.60466e+06
227,68818.7,6.60475e+06
227.1,68958.3,6.60484e+06
227.2,69098.1,6.60493e+06
227.3,69238,6.60502e+06
227.4,69378.2,6.60511e+06
227.5,69518.5,6.6052e+06
227.6,69658.9,6.60529e+06
227.7,69799.6,6.60538e+06
227.8,69940.4,6.60547e+06
227.9,70081.3,6.60556e+06
228,70222.5,6.60565e+06
228.1,70363.8,6.60574e+06
228.2,70505.2,6.60583e+06
228.3,70646.9,6.60592e+06
228.4,70788.7,6.60601e+06
228.5,70930.7,6.6061e+06
228.6,71072.8,6.60619e+06
228.7,71215.1,6.60628e+06
228.8,71357.6,6.60637e+06
228.9,71500.3,6.60646e+06
229,71643.1,6.60655e+06
229.1,71786.1,6.60664e+06
229.2,71929.2,6.60673e+06
229.3,72072.6,6.60682e+06
229.4,72216.1,6.60691e+06
229.5,72359.7,6.607e+06
229.6,72503.6,6.60709e+06
229.7,72647.6,6.60717e+06
229.8,72791.8,6.60726e+06
229.9,72936.1,6.60735e+06
230,73080.6,6.60744e+06
230.1,73225.3,6.60753e+06
230.2,73370.2,6.60762e+06
230.3,73515.2,6.6077e+06
230.4,73660.4,6.60779e+06
230.5,73805.8,6.60788e+06
230.6,73951.3,6.60797e+06
230.7,74097,6.60806e+06
230.8,74242.9,6.60814e+06
230.9,74389,6.60823e+06
231,74535.2,6.60832e+06
231.1,74681.6,6.60841e+06
231.2,74828.2,6.60849e+06
231.3,74974.9,6.60858e+06
231.4,75121.8,6.60867e+06
231.5,75268.9,6.60875e+06
231.6,75416.2,6.60884e+06
231.7,75563.6,6.60893e+06
231.8,75711.2,6.60902e+06
231.9,75859,6.6091e+06
232,76006.9,6.60919e+06
232.1,76155,6.60928e+06
232.2,76303.3,6.60936e+06
232.3,76451.8,6.60945e+06
232.4,76600.4,6.60953e+06
232.5,76749.2,6.60962e+06
232.6,76898.2,6.60971e+06
232.7,77047.3,6.60979e+06
232.8,77196.7,6.60988e+06
232.9,77346.2,6.60996e+06
233,77495.8,6.61005e+06
233.1,77645.7,6.61013e+06
233.2,77795.7,6.61022e+06
233.3,77945.9,6.61031e+06
233.4,78096.3,6.61039e+06
233.5,78246.8,6.61048e+06
233.6,78397.5,6.61056e+06
233.7,78548.4,6.61065e+06
233.8,78699.5,6.61073e+06
233.9,78850.7,6.61082e+06
234,79002.1,6.6109e+06
234.1,79153.7,6.61099e+06
234.2,79305.5,6.61107e+06
234.3,79457.4,6.61115e+06
234.4,79609.5,6.61124e+06
234.5,79761.8,6.61132e+06
234.6,79914.2,6.61141e+06
234.7,80066.9,6.61149e+06
234.8,80219.7,6.61158e+06
234.9,80372.7,6.61166e+06
235,80525.8,6.61174e+06
235.1,80679.2,6.61183e+06
235.2,80832.7,6.61191e+06
235.3,80986.4,6.61199e+06
235.4,81140.2,6.61208e+06
235.5,81294.3,6.61216e+06
235.6,81448.5,6.61224e+06
235.7,81602.9,6.61233e+06
235.8,81757.4,6.61241e+06
235.9,81912.2,6.61249e+06
236,82067.1,6.61258e+06
236.1,82222.2,6.61266e+06
236.2,82377.5,6.61274e+06
236.3,82532.9,6.61283e+06
236.4,82688.5,6.61291e+06
236.5,82844.3,6.61299e+06
236.6,83000.3,6.61307e+06
236.7,83156.5,6.61316e+06
236.8,83312.8,6.61324e+06
236.9,83469.3,6.61332e+06
237,83626,6.6134e+06
237.1,83782.9,6.61348e+06
237.2,83939.9,6.61357e+06
237.3,84097.1,6.61365e+06
237.4,84254.5,6.61373e+06
237.5,84412.1,6.61381e+06
237.6,84569.9,6.61389e+06
237.7,84727.8,6.61397e+06
237.8,84885.9,6.61405e+06
237.9,85044.2,6.61414e+06
238,85202.7,6.61422e+06
238.1,85361.3,6.6143e+06
238.2,85520.2,6.61438e+06
238.3,85679.2,6.61446e+06
238.4,85838.4,6.61454e+06
238.5,85997.7,6.61462e+06
238.6,86157.3,6.6147e+06
238.7,86317,6.61478e+06
238.8,86476.9,6.61486e+06
238.9,86637,6.61494e+06
239,86797.2,6.61502e+06
239.1,86957.7,6.6151e+06
239.2,87118.3,6.61518e+06
239.3,87279.1,6.61526e+06
239.4,87440.1,6.61534e+06
239.5,87601.3,6.61542e+06
239.6,87762.6,6.6155e+06
239.7,87924.1,6.61558e+06
239.8,88085.8,6.61566e+06
239.9,88247.7,6.61574e+06
240,88409.8,6.61582e+06
240.1,88572,6.6159e+06
240.2,88734.5,6.61598e+06
240.3,88897.1,6.61606e+06
240.4,89059.9,6.61614e+06
240.5,89222.8,6.61622e+06
240.6,89386,6.61629e+06
240.7,89549.3,6.61637e+06
240.8,89712.8,6.61645e+06
240.9,89876.5,6.61653e+06
241,90040.4,6.61661e+06
241.1,90204.5,6.61669e+06
241.2,90368.7,6.61676e+06
241.3,90533.2,6.61684e+06
241.4,90697.8,6.61692e+06
241.5,90862.6,6.617e+06
241.6,91027.5,6.61708e+06
241.7,91192.7,6.61715e+06
241.8,91358,6.61723e+06
241.9,91523.6,6.61731e+06
242,91689.3,6.61739e+06
242.1,91855.2,6.61746e+06
242.2,92021.3,6.61754e+06
242.3,92187.5,6.61762e+06
242.4,92354,6.6177e+06
242.5,92520.6,6.61777e+06
242.6,92687.4,6.61785e+06
242.7,92854.4,6.61793e+06
242.8,93021.6,6.618e+06
242.9,93188.9,6.61808e+06
243,93356.5,6.61816e+06
243.1,93524.2,6.61823e+06
243.2,93692.1,6.61831e+06
243.3,93860.2,6.61839e+06
243.4,94028.5,6.61846e+06
243.5,94197,6.61854e+06
243.6,94365.6,6.61861e+06
243.7,94534.5,6.61869e+06
243.8,94703.5,6.61877e+06
243.9,94872.7,6.61884e+06
244,95042.1,6.61892e+06
244.1,95211.7,6.61899e+06
244.2,95381.5,6.61907e+06
244.3,95551.4,6.61914e+06
244.4,95721.6,6.61922e+06
244.5,95891.9,6.61929e+06
244.6,96062.4,6.61937e+06
244.7,96233.1,6.61944e+06
244.8,96404,6.61952e+06
244.9,96575.1,6.61959e+06
245,96746.3,6.61967e+06
245.1,96917.8,6.61974e+06
245.2,97089.4,6.61982e+06
245.3,97261.2,6.61989e+06
245.4,97433.2,6.61997e+06
245.5,97605.4,6.62004e+06
245.6,97777.8,6.62012e+06
245.7,97950.4,6.62019e+06
245.8,98123.1,6.62026e+06
245.9,98296.1,6.62034e+06
246,98469.2,6.62041e+06
246.1,98642.5,6.62048e+06
246.2,98816,6.62056e+06
246.3,98989.7,6.62063e+06
246.4,99163.6,6.62071e+06
246.5,99337.7,6.62078e+06
246.6,99512,6.62085e+06
246.7,99686.4,6.62093e+06
246.8,99861.1,6.621e+06
246.9,100036,6.62107e+06
247,100211,6.62114e+06
247.1,100386,6.62122e+06
247.2,100562,6.62129e+06
247.3,100737,6.62136e+06
247.4,100913,6.62144e+06
247.5,101089,6.62151e+06
247.6,101265,6.62158e+06
247.7,101441,6.62165e+06
247.8,101618,6.62172e+06
247.9,101795,6.6218e+06
248,101972,6.62187e+06
248.1,102149,6.62194e+06
248.2,102326,6.62201e+06
248.3,102503,6.62208e+06
248.4,102681,6.62216e+06
248.5,102859,6.62223e+06
248.6,103037,6.6223e+06
248.7,103215,6.62237e+06
248.8,103394,6.62244e+06
248.9,103572,6.62251e+06
249,103751,6.62258e+06
249.1,103930,6.62265e+06
249.2,104109,6.62273e+06
249.3,104289,6.6228e+06
249.4,104469,6.62287e+06
249.5,104648,6.62294e+06
249.6,104828,6.62301e+06
249.7,105008,6.62308e+06
249.8,105189,6.62315e+06
249.9,105369,6.62322e+06
250,105550,6.62329e+06
250.1,105731,6.62336e+06
250.2,105912,6.62343e+06
250.3,106094,6.6235e+06
250.4,106275,6.62357e+06
250.5,106457,6.62364e+06
250.6,106639,6.62371e+06
250.7,106821,6.62378e+06
250.8,107003,6.62385e+06
250.9,107186,6.62392e+06
251,107368,6.62399e+06
251.1,107551,6.62406e+06
251.2,107734,6.62413e+06
251.3,107918,6.62419e+06
251.4,108101,6.62426e+06
251.5,108285,6.62433e+06
251.6,108469,6.6244e+06
251.7,108653,6.62447e+06
251.8,108837,6.62454e+06
251.9,109021,6.62461e+06
252,109206,6.62467e+06
252.1,109391,6.62474e+06
252.2,109576,6.62481e+06
252.3,109761,6.62488e+06
252.4,109947,6.62495e+06
252.5,110132,6.62502e+06
252.6,110318,6.62508e+06
252.7,110504,6.62515e+06
252.8,110690,6.62522e+06
252.9,110877,6.62529e+06
253,111063,6.62535e+06
253.1,111250,6.62542e+06
253.2,111437,6.62549e+06
253.3,111624,6.62556e+06
253.4,111812,6.62562e+06
253.5,111999,6.62569e+06
253.6,112187,6.62576e+06
253.7,112375,6.62582e+06
253.8,112563,6.62589e+06
253.9,112752,6.62596e+06
254,112940,6.62602e+06
254.1,113129,6.62609e+06
254.2,113318,6.62616e+06
254.3,113507,6.62622e+06
254.4,113697,6.62629e+06
254.5,113886,6.62636e+06
254.6,114076,6.62642e+06
254.7,114266,6.62649e+06
254.8,114456,6.62655e+06
254.9,114646,6.62662e+06
255,114837,6.62668e+06
255.1,115028,6.62675e+06
255.2,115219,6.62682e+06
255.3,115410,6.62688e+06
255.4,115601,6.62695e+06
255.5,115793,6.62701e+06
255.6,115985,6.62708e+06
255.7,116177,6.62714e+06
255.8,116369,6.62721e+06
255.9,116561,6.62727e+06
256,116754,6.62734e+06
256.1,116947,6.6274e+06
256.2,117140,6.62747e+06
256.3,117333,6.62753e+06
256.4,117526,6.62759e+06
256.5,117720,6.62766e+06
256.6,117914,6.62772e+06
256.7,118108,6.62779e+06
256.8,118302,6.62785e+06
256.9,118496,6.62791e+06
257,118691,6.62798e+06
257.1,118886,6.62804e+06
257.2,119081,6.62811e+06
257.3,119276,6.62817e+06
257.4,119471,6.62823e+06
257.5,119667,6.6283e+06
257.6,119863,6.62836e+06
257.7,120059,6.62842e+06
257.8,120255,6.62849e+06
257.9,120451,6.62855e+06
258,120648,6.62861e+06
258.1,120845,6.62867e+06
258.2,121042,6.62874e+06
258.3,121239,6.6288e+06
258.4,121437,6.62886e+06
258.5,121634,6.62893e+06
258.6,121832,6.62899e+06
258.7,122030,6.62905e+06
258.8,122228,6.62911e+06
258.9,122427,6.62917e+06
259,122626,6.62924e+06
259.1,122825,6.6293e+06
259.2,123024,6.62936e+06
259.3,123223,6.62942e+06
259.4,123422,6.62948e+06
259.5,123622,6.62955e+06
259.6,123822,6.62961e+06
259.7,124022,6.62967e+06
259.8,124223,6.62973e+06
259.9,124423,6.62979e+06
260,124624,6.62985e+06
260.1,124825,6.62991e+06
260.2,125026,6.62997e+06
260.3,125227,6.63003e+06
260.4,125429,6.6301e+06
260.5,125631,6.63016e+06
260.6,125833,6.63022e+06
260.7,126035,6.63028e+06
260.8,126237,6.63034e+06
260.9,126440,6.6304e+06
261,126643,6.63046e+06
261.1,126846,6.63052e+06
261.2,127049,6.63058e+06
261.3,127252,6.63064e+06
261.4,127456,6.6307e+06
261.5,127660,6.63076e+06
261.6,127864,6.63082e+06
261.7,128068,6.63088e+06
261.8,128273,6.63094e+06
261.9,128478,6.631e+06
262,128683,6.63106e+06
262.1,128888,6.63111e+06
262.2,129093,6.63117e+06
262.3,129299,6.63123e+06
262.4,129504,6.63129e+06
262.5,129710,6.63135e+06
262.6,129916,6.63141e+06
262.7,130123,6.63147e+06
262.8,130329,6.63153e+06
262.9,130536,6.63159e+06
263,130743,6.63164e+06
263.1,130951,6.6317e+06
263.2,131158,6.63176e+06
263.3,131366,6.63182e+06
263.4,131574,6.63188e+06
263.5,131782,6.63193e+06
263.6,131990,6.63199e+06
263.7,132198,6.63205e+06
263.8,132407,6.63211e+06
263.9,132616,6.63217e+06
264,132825,6.63222e+06
264.1,133035,6.63228e+06
264.2,133244,6.63234e+06
264.3,133454,6.63239e+06
264.4,133664,6.63245e+06
264.5,133874,6.63251e+06
264.6,134085,6.63257e+06
264.7,134295,6.63262e+06
264.8,134506,6.63268e+06
264.9,134717,6.63274e+06
265,134929,6.63279e+06
265.1,135140,6.63285e+06
265.2,135352,6.63291e+06
265.3,135564,6.63296e+06
265.4,135776,6.63302e+06
265.5,135988,6.63307e+06
265.6,136201,6.63313e+06
265.7,136414,6.63319e+06
265.8,136627,6.63324e+06
265.9,136840,6.6333e+06
266,137053,6.63335e+06
266.1,137267,6.63341e+06
266.2,137481,6.63346e+06
266.3,137695,6.63352e+06
266.4,137909,6.63358e+06
266.5,138124,6.63363e+06
266.6,138339,6.63369e+06
266.7,138554,6.63374e+06
266.8,138769,6.6338e+06
266.9,138984,6.63385e+06
267,139200,6.63391e+06
267.1,139416,6.63396e+06
267.2,139632,6.63401e+06
267.3,139848,6.63407e+06
267.4,140065,6.63412e+06
267.5,140281,6.63418e+06
267.6,140498,6.63423e+06
267.7,140715,6.63429e+06
267.8,140933,6.63434e+06
267.9,141150,6.63439e+06
268,141368,6.63445e+06
268.1,141586,6.6345e+06
268.2,141804,6.63456e+06
268.3,142023,6.63461e+06
268.4,142242,6.63466e+06
268.5,142461,6.63472e+06
268.6,142680,6.63477e+06
268.7,142899,6.63482e+06
268.8,143119,6.63488e+06
268.9,143338,6.63493e+06
269,143558,6.63498e+06
269.1,143779,6.63504e+06
269.2,143999,6.63509e+06
269.3,144220,6.63514e+06
269.4,144441,6.63519e+06
269.5,144662,6.63525e+06
269.6,144883,6.6353e+06
269.7,145105,6.63535e+06
269.8,145327,6.6354e+06
269.9,145549,6.63546e+06
270,145771,6.63551e+06
270.1,145993,6.63556e+06
270.2,146216,6.63561e+06
270.3,146439,6.63566e+06
270.4,146662,6.63571e+06
270.5,146885,6.63577e+06
270.6,147109,6.63582e+06
270.7,147333,6.63587e+06
270.8,147557,6.63592e+06
270.9,147781,6.63597e+06
271,148006,6.63602e+06
271.1,148230,6.63607e+06
271.2,148455,6.63613e+06
271.3,148680,6.63618e+06
271.4,148906,6.63623e+06
271.5,149131,6.63628e+06
271.6,149357,6.63633e+06
271.7,149583,6.63638e+06
271.8,149810,6.63643e+06
271.9,150036,6.63648e+06
272,150263,6.63653e+06
272.1,150490,6.63658e+06
272.2,150717,6.63663e+06
272.3,150944,6.63668e+06
272.4,151172,6.63673e+06
272.5,151400,6.63678e+06
272.6,151628,6.63683e+06
272.7,151856,6.63688e+06
272.8,152085,6.63693e+06
272.9,152314,6.63698e+06
273,152543,6.63703e+06
273.1,152772,6.63708e+06
273.2,153002,6.63713e+06
273.3,153231,6.63717e+06
273.4,153461,6.63722e+06
273.5,153691,6.63727e+06
273.6,153922,6.63732e+06
273.7,154152,6.63737e+06
273.8,154383,6.63742e+06
273.9,154614,6.63747e+06
274,154846,6.63752e+06
274.1,155077,6.63756e+06
274.2,155309,6.63761e+06
274.3,155541,6.63766e+06
274.4,155773,6.63771e+06
274.5,156006,6.63776e+06
274.6,156238,6.6378e+06
274.7,156471,6.63785e+06
274.8,156705,6.6379e+06
274.9,156938,6.63795e+06
275,157172,6.638e+06
275.1,157405,6.63804e+06
275.2,157640,6.63809e+06
275.3,157874,6.63814e+06
275.4,158108,6.63819e+06
275.5,158343,6.63823e+06
275.6,158578,6.63828e+06
275.7,158814,6.63833e+06
275.8,159049,6.63837e+06
275.9,159285,6.63842e+06
276,159521,6.63847e+06
276.1,159757,6.63851e+06
276.2,159993,6.63856e+06
276.3,160230,6.63861e+06
276.4,160467,6.63865e+06
276.5,160704,6.6387e+06
276.6,160941,6.63874e+06
276.7,161179,6.63879e+06
276.8,161417,6.63884e+06
276.9,161655,6.63888e+06
277,161893,6.63893e+06
277.1,162132,6.63897e+06
277.2,162371,6.63902e+06
277.3,162610,6.63906e+06
277.4,162849,6.63911e+06
277.5,163088,6.63916e+06
277.6,163328,6.6392e+06
277.7,163568,6.63925e+06
277.8,163808,6.63929e+06
277.9,164049,6.63934e+06
278,164289,6.63938e+06
278.1,164530,6.63943e+06
278.2,164772,6.63947e+06
278.3,165013,6.63951e+06
278.4,165255,6.63956e+06
278.5,165497,6.6396e+06
278.6,165739,6.63965e+06
278.7,165981,6.63969e+06
278.8,166224,6.63974e+06
278.9,166466,6.63978e+06
279,166710,6.63982e+06
279.1,166953,6.63987e+06
279.2,167196,6.63991e+06
279.3,167440,6.63996e+06
279.4,167684,6.64e+06
279.5,167929,6.64004e+06
279.6,168173,6.64009e+06
279.7,168418,6.64013e+06
279.8,168663,6.64017e+06
279.9,168908,6.64022e+06
280,169154,6.64026e+06
280.1,169399,6.6403e+06
280.2,169645,6.64034e+06
280.3,169892,6.64039e+06
280.4,170138,6.64043e+06
280.5,170385,6.64047e+06
280.6,170632,6.64051e+06
280.7,170879,6.64056e+06
280.8,171126,6.6406e+06
280.9,171374,6.64064e+06
281,171622,6.64068e+06
281.1,171870,6.64073e+06
281.2,172118,6.64077e+06
281.3,172367,6.64081e+06
281.4,172616,6.64085e+06
281.5,172865,6.64089e+06
281.6,173115,6.64093e+06
281.7,173364,6.64098e+06
281.8,173614,6.64102e+06
281.9,173864,6.64106e+06
282,174115,6.6411e+06
282.1,174365,6.64114e+06
282.2,174616,6.64118e+06
282.3,174867,6.64122e+06
282.4,175119,6.64126e+06
282.5,175370,6.6413e+06
282.6,175622,6.64135e+06
282.7,175874,6.64139e+06
282.8,176127,6.64143e+06
282.9,176379,6.64147e+06
283,176632,6.64151e+06
283.1,176885,6.64155e+06
283.2,177138,6.64159e+06
283.3,177392,6.64163e+06
283.4,177646,6.64167e+06
283.5,177900,6.64171e+06
283.6,178154,6.64175e+06
283.7,178409,6.64179e+06
283.8,178664,6.64183e+06
283.9,178919,6.64187e+06
284,179174,6.64191e+06
284.1,179430,6.64194e+06
284.2,179686,6.64198e+06
284.3,179942,6.64202e+06
284.4,180198,6.64206e+06
284.5,180455,6.6421e+06
284.6,180712,6.64214e+06
284.7,180969,6.64218e+06
284.8,181226,6.64222e+06
284.9,181484,6.64226e+06
285,181742,6.64229e+06
285.1,182000,6.64233e+06
285.2,182258,6.64237e+06
285.3,182517,6.64241e+06
285.4,182776,6.64245e+06
285.5,183035,6.64249e+06
285.6,183294,6.64252e+06
285.7,183554,6.64256e+06
285.8,183814,6.6426e+06
285.9,184074,6.64264e+06
286,184334,6.64268e+06
286.1,184595,6.64271e+06
286.2,184856,6.64275e+06
286.3,185117,6.64279e+06
286.4,185378,6.64282e+06
286.5,185640,6.64286e+06
286.6,185902,6.6429e+06
286.7,186164,6.64294e+06
286.8,186427,6.64297e+06
286.9,186689,6.64301e+06
287,186952,6.64305e+06
287.1,187216,6.64308e+06
287.2,187479,6.64312e+06
287.3,187743,6.64316e+06
287.4,188007,6.64319e+06
287.5,188271,6.64323e+06
287.6,188536,6.64326e+06
287.7,188800,6.6433e+06
287.8,189065,6.64334e+06
287.9,189331,6.64337e+06
288,189596,6.64341e+06
288.1,189862,6.64344e+06
288.2,190128,6.64348e+06
288.3,190395,6.64352e+06
288.4,190661,6.64355e+06
288.5,190928,6.64359e+06
288.6,191195,6.64362e+06
288.7,191463,6.64366e+06
288.8,191730,6.64369e+06
288.9,191998,6.64373e+06
289,192266,6.64376e+06
289.1,192535,6.6438e+06
289.2,192803,6.64383e+06
289.3,193072,6.64387e+06
289.4,193342,6.6439e+06
289.5,193611,6.64394e+06
289.6,193881,6.64397e+06
289.7,194151,6.644e+06
289.8,194421,6.64404e+06
289.9,194692,6.64407e+06
290,194962,6.64411e+06
290.1,195234,6.64414e+06
290.2,195505,6.64417e+06
290.3,195776,6.64421e+06
290.4,196048,6.64424e+06
290.5,196320,6.64427e+06
290.6,196593,6.64431e+06
290.7,196866,6.64434e+06
290.8,197138,6.64437e+06
290.9,197412,6.64441e+06
291,197685,6.64444e+06
291.1,197959,6.64447e+06
291.2,198233,6.64451e+06
291.3,198507,6.64454e+06
291.4,198782,6.64457e+06
291.5,199056,6.64461e+06
291.6,199332,6.64464e+06
291.7,199607,6.64467e+06
291.8,199883,6.6447e+06
291.9,200158,6.64474e+06
292,200435,6.64477e+06
292.1,200711,6.6448e+06
292.2,200988,6.64483e+06
292.3,201265,6.64486e+06
292.4,201542,6.6449e+06
292.5,201819,6.64493e+06
292.6,202097,6.64496e+06
292.7,202375,6.64499e+06
292.8,202654,6.64502e+06
292.9,202932,6.64505e+06
293,203211,6.64508e+06
293.1,203490,6.64512e+06
293.2,203770,6.64515e+06
293.3,204049,6.64518e+06
293.4,204329,6.64521e+06
293.5,204609,6.64524e+06
293.6,204890,6.64527e+06
293.7,205171,6.6453e+06
293.8,205452,6.64533e+06
293.9,205733,6.64536e+06
294,206015,6.64539e+06
294.1,206296,6.64542e+06
294.2,206579,6.64545e+06
294.3,206861,6.64548e+06
294.4,207144,6.64551e+06
294.5,207427,6.64554e+06
294.6,207710,6.64557e+06
294.7,207994,6.6456e+06
294.8,208277,6.64563e+06
294.9,208561,6.64566e+06
295,208846,6.64569e+06
295.1,209130,6.64572e+06
295.2,209415,6.64575e+06
295.3,209701,6.64578e+06
295.4,209986,6.64581e+06
295.5,210272,6.64584e+06
295.6,210558,6.64587e+06
295.7,210844,6.6459e+06
295.8,211131,6.64592e+06
295.9,211418,6.64595e+06
296,211705,6.64598e+06
296.1,211992,6.64601e+06
296.2,212280,6.64604e+06
296.3,212568,6.64607e+06
296.4,212856,6.6461e+06
296.5,213145,6.64612e+06
296.6,213434,6.64615e+06
296.7,213723,6.64618e+06
296.8,214012,6.64621e+06
296.9,214302,6.64624e+06
297,214592,6.64626e+06
297.1,214882,6.64629e+06
297.2,215173,6.64632e+06
297.3,215463,6.64635e+06
297.4,215754,6.64637e+06
297.5,216046,6.6464e+06
297.6,216338,6.64643e+06
297.7,216630,6.64645e+06
297.8,216922,6.64648e+06
297.9,217214,6.64651e+06
298,217507,6.64653e+06
298.1,217800,6.64656e+06
298.2,218094,6.64659e+06
298.3,218387,6.64661e+06
298.4,218681,6.64664e+06
298.5,218976,6.64667e+06
298.6,219270,6.64669e+06
298.7,219565,6.64672e+06
298.8,219860,6.64675e+06
298.9,220155,6.64677e+06
299,220451,6.6468e+06
299.1,220747,6.64682e+06
299.2,221043,6.64685e+06
299.3,221340,6.64688e+06
299.4,221637,6.6469e+06
299.5,221934,6.64693e+06
299.6,222231,6.64695e+06
299.7,222529,6.64698e+06
299.8,222827,6.647e+06
